FLIGHT_ID,DEPARTURES_SCHEDULED,DEPARTURES_PERFORMED,PAYLOAD,SEATS,PASSENGERS,FREIGHT,MAIL,DISTANCE,DISTANCE_GROUP,RAMP_TO_RAMP,AIR_TIME
1,0,1,37400,150,146,0,0,854,2,124,107
2,0,1,37822,119,117,0,0,967,2,144,125
3,0,1,37822,119,119,0,0,967,2,162,121
4,0,1,5300,8,2,0,0,604,2,120,108
5,0,1,10841,50,43,0,0,488,1,91,72
6,0,2,23500,100,41,0,0,576,2,200,165
7,0,1,10841,50,35,0,0,488,1,91,82
8,0,1,12659,50,22,0,0,889,2,131,116
9,0,1,10808,50,38,0,0,889,2,143,124
10,0,1,12659,50,0,0,0,1464,3,206,196
11,0,1,21458,0,0,800,0,1199,3,178,168
12,0,1,21458,0,0,0,0,1278,3,181,167
13,0,1,95000,215,156,0,0,761,2,132,120
14,0,1,95000,215,0,0,0,604,2,96,72
15,0,1,2000,8,3,0,0,725,2,122,113
16,0,2,4000,16,4,0,0,735,2,234,210
17,0,2,4000,16,3,0,0,735,2,233,209
18,0,1,2000,8,2,0,0,292,1,54,47
19,0,1,51700,187,62,0,0,602,2,164,88
20,0,1,51700,187,56,0,0,1558,4,260,216
21,0,1,49760,199,160,0,0,1184,3,169,152
22,0,1,34446,132,30,0,0,1199,3,212,172
23,0,1,50700,192,150,14,39,1199,3,174,156
24,0,1,49760,199,160,0,0,1184,3,166,148
25,0,1,38879,160,139,0,0,592,2,91,75
26,0,1,29900,110,103,492,0,230,1,83,54
27,0,1,34446,132,4,0,0,1199,3,153,132
28,0,1,50700,192,129,0,0,1199,3,173,152
29,0,1,49760,72,62,0,0,1199,3,167,143
30,0,1,49760,72,0,0,0,1069,3,142,128
31,0,1,32870,149,148,0,0,1123,3,158,137
32,0,1,38470,158,150,32,0,483,1,152,126
33,0,1,38170,158,149,0,0,628,2,118,92
34,0,1,38170,158,102,70,4,853,2,142,115
35,0,1,49760,72,50,0,0,391,1,92,70
36,0,1,32870,149,147,5,0,1123,3,178,151
37,0,1,49760,199,160,28,0,680,2,142,101
38,0,1,38170,158,156,0,226,495,1,115,76
39,0,2,99520,144,61,0,0,967,2,280,229
40,0,1,49760,72,52,0,0,391,1,84,53
41,0,1,42500,173,0,0,0,1671,4,275,255
42,0,1,42500,173,0,0,0,1136,3,160,140
43,0,1,42500,173,27,0,0,954,2,150,120
44,0,1,34279,128,126,4,0,150,1,48,36
45,0,1,41006,166,70,10064,0,1201,3,168,151
46,0,1,38700,166,152,0,282,967,2,218,190
47,0,1,34771,128,122,1,0,862,2,144,116
48,0,1,35906,179,174,0,0,1709,4,298,270
49,0,1,36926,166,163,0,0,1482,3,249,217
50,0,1,40581,179,58,10064,0,541,2,86,79
51,0,1,54393,219,200,0,0,967,2,206,119
52,0,2,69200,286,281,2628,0,73,1,83,41
53,0,2,69200,286,278,1614,0,90,1,96,45
54,0,1,43400,175,175,252,0,90,1,40,23
55,0,1,34600,143,141,1280,0,602,2,162,137
56,0,1,34600,143,142,151,0,1359,3,230,213
57,0,1,43400,175,160,167,0,929,2,167,148
58,0,1,43400,175,164,120,0,1250,3,212,198
59,0,1,34600,143,143,0,0,1095,3,170,156
60,0,1,34600,143,132,0,0,1278,3,225,210
61,0,1,34600,143,143,0,0,456,1,129,115
62,0,1,43400,175,165,0,0,771,2,128,112
63,0,1,34600,143,140,1348,0,943,2,162,141
64,0,1,43400,175,120,0,0,73,1,34,19
65,0,1,1600,8,1,0,0,764,2,144,132
66,0,1,1600,8,0,0,0,903,2,150,132
67,0,1,2400,12,1,0,0,937,2,144,126
68,0,1,1600,8,1,0,0,764,2,120,102
69,0,1,2400,12,0,0,0,1166,3,174,162
70,0,1,1600,8,6,0,0,919,2,144,132
71,0,1,68370,218,0,0,0,628,2,120,90
72,0,2,151660,358,30,0,0,595,2,195,161
73,0,1,75830,179,15,0,0,1049,3,162,151
74,0,1,75830,179,21,0,0,957,2,155,132
75,0,1,75830,179,0,0,0,1120,3,157,142
76,0,3,227490,537,45,0,0,391,1,266,186
77,0,1,75830,179,138,0,0,312,1,58,41
78,0,1,75830,179,138,0,0,312,1,67,49
79,0,1,75830,179,0,0,0,1413,3,210,196
80,0,1,75830,179,20,0,0,541,2,92,82
81,0,1,23000,0,0,8878,0,957,2,145,125
82,0,1,23000,0,0,8878,0,870,2,140,120
83,0,1,12343,16,14,0,0,896,2,129,110
84,0,1,12343,16,13,0,0,804,2,124,106
85,0,2,82501,324,286,0,0,632,2,473,369
86,0,1,43411,162,149,0,0,637,2,124,102
87,0,1,43116,162,129,0,0,632,2,213,175
88,0,1,43116,162,148,0,0,637,2,208,175
89,0,1,43411,162,93,0,0,436,1,209,179
90,0,1,43411,162,156,0,0,598,2,191,169
91,0,1,43116,162,93,0,0,436,1,207,183
92,0,1,42116,162,154,0,0,598,2,211,182
93,0,1,5600,0,0,270,0,1070,3,170,160
94,0,1,5600,0,0,270,0,967,2,175,155
95,0,22,1668260,0,0,627144,0,1069,3,3922,3343
96,0,22,1668260,0,0,431309,0,1069,3,3620,2944
97,0,1,41080,178,156,0,0,73,1,48,19
98,0,1,41080,178,156,0,0,1068,3,180,148
99,0,1,11118,50,49,0,0,150,1,55,29
100,0,1,11118,50,34,0,0,495,1,136,114
101,0,1,7600,30,5,0,0,22,1,32,13
102,0,44,334400,1320,329,0,0,150,1,2622,1956
103,0,19,144400,570,116,0,0,292,1,1692,1405
104,0,45,342000,1350,343,0,0,150,1,2489,1733
105,0,23,174800,690,176,0,0,292,1,1912,1491
106,0,3,22800,90,37,0,0,0,1,224,176
107,0,56,425600,1680,645,0,0,305,1,4620,3767
108,0,48,364800,1440,423,0,0,228,1,3481,2635
109,0,19,144400,570,82,0,0,280,1,1605,1299
110,0,56,425600,1680,600,0,0,305,1,5338,4462
111,0,48,364800,1440,422,0,0,228,1,3700,2947
112,0,1,7600,30,5,0,0,274,1,100,87
113,0,21,159600,630,153,0,0,280,1,1830,1524
114,0,1,4500,19,5,0,0,420,1,117,103
115,0,1,4500,19,5,0,0,231,1,79,60
116,0,1,1600,8,6,0,0,0,1,100,84
117,1,1,10808,50,20,0,0,150,1,60,45
118,1,1,10841,50,40,0,0,519,2,86,67
119,1,1,10808,50,34,0,0,576,2,106,81
120,1,3,34308,150,121,0,0,576,2,298,260
121,1,1,101000,156,113,0,0,420,1,78,60
122,1,1,101000,156,151,0,0,420,1,84,60
123,1,1,40400,160,150,450,266,73,1,42,20
124,1,1,39900,160,133,0,0,592,2,97,78
125,1,1,39400,140,124,0,0,403,1,117,85
126,1,1,50200,181,168,428,0,1754,4,255,207
127,1,1,48100,181,74,0,0,862,2,144,115
128,1,1,39900,160,150,550,0,771,2,150,106
129,1,1,50200,181,154,0,54,1546,4,255,196
130,1,1,40400,160,150,450,266,911,2,157,138
131,1,1,40400,160,142,0,521,1436,3,219,201
132,1,1,51700,187,150,0,460,967,2,159,140
133,1,1,39900,160,133,0,0,411,1,87,71
134,1,1,29900,110,101,0,0,862,2,166,136
135,1,1,29900,110,110,0,0,680,2,126,86
136,1,2,77758,320,281,0,0,680,2,219,176
137,1,1,40870,160,155,0,0,391,1,78,60
138,1,1,41370,160,154,6,0,1123,3,176,154
139,1,1,29900,110,106,53,0,680,2,131,103
140,1,1,38879,160,160,21,0,680,2,112,95
141,1,1,17610,70,70,0,0,541,2,110,74
142,1,1,17610,70,55,0,0,1015,3,153,132
143,1,1,13500,50,35,0,0,391,1,91,61
144,1,1,13500,50,0,0,0,746,2,143,97
145,1,1,13500,50,0,0,0,734,2,137,100
146,1,1,13500,50,46,0,0,580,2,104,85
147,1,1,13500,50,48,0,0,230,1,56,41
148,1,1,15200,76,0,0,0,1487,3,218,191
149,1,1,18740,70,70,0,0,349,1,78,52
150,1,1,18740,70,62,0,0,1199,3,210,183
151,1,1,15200,76,69,0,0,775,2,151,129
152,1,1,15200,76,58,0,0,692,2,109,89
153,1,1,13500,50,45,0,0,391,1,89,64
154,1,1,13500,50,43,0,0,230,1,64,37
155,1,1,18740,70,67,0,0,641,2,122,91
156,1,1,15200,76,69,0,0,1015,3,169,137
157,1,1,15200,76,0,0,0,862,2,133,118
158,1,1,18740,70,69,0,0,406,1,134,64
159,1,1,18740,70,48,0,0,771,2,125,98
160,1,1,18740,70,63,0,0,964,2,148,127
161,1,1,18740,70,63,0,0,472,1,81,61
162,1,1,15200,76,65,0,0,888,2,139,114
163,1,1,13500,50,40,0,0,898,2,158,133
164,1,1,15200,76,76,0,0,853,2,135,112
165,1,1,13500,50,50,0,0,1024,3,162,130
166,1,1,13500,50,0,0,0,967,2,180,147
167,1,1,18740,70,0,0,0,967,2,233,134
168,1,1,18740,70,68,0,0,846,2,145,110
169,1,1,15200,76,73,0,0,557,2,106,86
170,1,1,15200,76,0,0,0,592,2,131,86
171,1,1,18740,70,0,0,0,655,2,109,84
172,1,1,13500,50,0,0,0,862,2,160,122
173,1,1,18740,70,34,0,0,406,1,89,57
174,1,1,15200,76,53,0,0,113,1,74,51
175,1,1,18740,70,0,0,0,862,2,139,113
176,1,1,15200,76,62,0,0,771,2,129,110
177,1,1,18740,70,16,0,0,964,2,141,122
178,1,1,13500,50,0,0,0,734,2,123,93
179,1,1,15200,76,0,0,0,888,2,200,134
180,1,1,15200,76,76,0,0,991,2,148,131
181,1,1,13500,50,41,0,0,730,2,129,111
182,1,1,18740,70,69,0,0,853,2,153,122
183,1,1,15200,76,65,0,0,794,2,136,107
184,1,1,13500,50,45,0,0,496,1,178,105
185,1,1,18740,70,68,0,0,909,2,141,118
186,1,1,18740,70,67,0,0,846,2,129,114
187,1,1,32640,150,140,1,0,349,1,66,48
188,1,1,41971,166,151,0,1040,1671,4,240,218
189,1,1,31999,128,127,0,1858,1754,4,258,235
190,1,1,36804,150,84,0,0,524,2,107,67
191,1,1,36640,150,144,0,0,349,1,66,52
192,1,1,48470,179,154,55,23,455,1,94,66
193,1,1,35090,150,150,865,0,1754,4,215,194
194,1,1,36804,150,144,181,0,524,2,89,74
195,1,1,36867,150,89,0,0,1069,3,172,144
196,1,1,36158,128,86,0,1615,1123,3,152,128
197,1,1,32862,128,126,0,0,1703,4,215,203
198,1,1,100549,242,200,0,0,1452,3,199,179
199,1,1,82777,214,126,0,75,862,2,140,113
200,1,1,35433,128,106,10,539,628,2,108,89
201,1,1,42241,166,137,703,1350,533,2,88,70
202,1,1,35372,128,102,0,40,1546,4,208,184
203,1,1,35936,128,121,0,0,888,2,123,111
204,1,1,36733,150,134,55,1976,1558,4,198,175
205,1,1,34143,166,99,0,0,776,2,120,102
206,1,1,36072,150,128,0,0,1482,3,194,178
207,1,1,42690,166,105,0,0,804,2,128,113
208,1,1,35554,128,126,77,1604,391,1,85,69
209,1,1,41831,166,162,0,65,770,2,136,97
210,1,1,35832,128,119,0,97,770,2,115,95
211,1,1,41556,166,124,11,0,541,2,82,63
212,1,1,98334,242,173,306,361,1452,3,216,185
213,1,1,48320,169,161,0,1335,862,2,141,119
214,1,1,82502,214,207,0,707,862,2,137,110
215,1,1,43141,166,107,0,954,533,2,101,80
216,1,1,48843,169,166,85,404,1546,4,223,204
217,1,1,41843,166,164,0,0,776,2,123,105
218,1,1,46360,179,97,42,0,776,2,123,105
219,1,1,34772,150,138,0,0,1482,3,230,200
220,1,1,38790,166,38,0,0,804,2,134,99
221,1,1,36768,150,128,117,395,794,2,124,107
222,1,1,35694,150,109,0,0,916,2,141,119
223,1,1,48920,169,129,508,430,967,2,149,122
224,1,2,290384,732,385,8694,0,967,2,272,215
225,1,1,37980,166,159,0,679,846,2,132,114
226,1,1,36271,166,157,0,649,770,2,134,109
227,1,1,28852,128,125,24,260,770,2,148,111
228,1,1,28356,166,123,23,0,541,2,99,86
229,1,1,32200,143,107,85,0,1449,3,292,248
230,1,1,32200,143,139,1026,0,1201,3,176,164
231,1,1,32200,143,128,0,0,349,1,65,51
232,1,1,32200,143,121,944,0,649,2,110,97
233,1,1,32200,143,140,110,0,1123,3,155,137
234,1,1,32200,143,128,96,0,1015,3,145,128
235,1,1,32200,143,136,0,0,896,2,119,104
236,1,1,32200,143,133,0,0,991,2,153,138
237,1,1,32200,143,138,377,0,1558,4,201,180
238,1,1,32200,143,139,760,0,804,2,149,118
239,1,1,43400,175,163,0,0,1607,4,218,200
240,1,1,32200,143,141,26,0,541,2,89,73
241,1,1,32200,143,123,160,0,1123,3,172,153
242,1,1,32200,143,84,0,0,1015,3,153,137
243,1,1,43400,175,175,345,0,1062,3,153,137
244,1,1,32200,143,143,569,0,1290,3,205,189
245,1,1,32200,143,140,0,0,804,2,121,102
246,1,1,43400,175,171,0,0,1607,4,228,212
247,1,1,32200,143,140,6,0,909,2,133,118
248,1,1,21803,76,61,0,0,1199,3,182,159
249,1,1,21803,76,73,0,0,73,1,43,17
250,1,1,21803,76,70,0,0,1201,3,164,139
251,1,1,21803,76,65,0,0,73,1,50,21
252,1,1,19092,70,60,0,0,589,2,98,74
253,1,1,19092,70,33,0,0,420,1,98,64
254,1,1,21803,76,65,0,0,472,1,89,64
255,1,1,21803,76,69,0,0,391,1,89,66
256,1,1,19092,70,52,0,0,420,1,90,68
257,1,1,21803,76,67,0,0,1024,3,177,153
258,1,1,21803,76,52,0,0,541,2,100,80
259,1,1,30000,150,134,0,0,1069,3,162,143
260,1,1,30000,150,143,0,0,1154,3,161,142
261,1,1,30000,150,64,0,0,1123,3,153,133
262,1,1,36000,180,178,0,0,862,2,183,109
263,1,1,30000,150,113,0,0,977,2,153,135
264,1,1,37200,180,180,0,0,1546,4,213,189
265,1,1,30000,150,126,0,0,1546,4,228,183
266,1,1,36000,180,136,0,0,679,2,119,95
267,1,1,37200,180,180,0,0,888,2,134,111
268,1,1,30000,150,110,0,0,888,2,131,113
269,1,1,37200,180,145,0,0,602,2,113,83
270,1,1,36000,180,151,0,0,770,2,115,93
271,1,1,36000,180,136,0,0,1162,3,139,123
272,1,1,30000,150,142,0,0,1123,3,193,154
273,1,1,37200,180,132,0,0,1452,3,220,194
274,1,1,36000,180,171,0,0,862,2,152,125
275,1,1,30000,150,150,0,0,977,2,163,145
276,1,1,36000,180,169,0,0,1546,4,214,192
277,1,1,36000,180,102,0,0,679,2,112,84
278,1,1,37200,180,180,0,0,888,2,179,134
279,1,1,36000,180,142,0,0,602,2,112,88
280,1,1,36000,180,152,0,0,770,2,152,121
281,1,1,37200,180,4,0,0,1506,4,210,188
282,1,1,36000,180,140,0,0,1162,3,172,159
283,1,1,107634,0,0,16753,0,641,2,191,159
284,1,1,136966,0,0,14986,0,977,2,136,115
285,1,1,104189,0,0,50142,0,533,2,216,181
286,1,1,104402,0,0,23383,0,1062,3,176,151
287,1,1,107840,0,0,47075,0,391,1,95,72
288,1,1,104608,0,0,42470,0,639,2,108,90
289,1,1,107931,0,0,42190,0,216,1,60,42
290,1,1,136966,0,0,13780,0,977,2,147,129
291,1,1,193214,0,0,114987,0,533,2,101,82
292,1,1,107931,0,0,42190,0,1061,3,221,198
293,1,1,193732,0,0,30465,0,957,2,133,115
294,1,1,29000,145,144,0,0,1123,3,153,133
295,1,1,29000,145,127,0,0,862,2,159,142
296,1,1,20210,79,66,0,0,593,2,128,99
297,1,1,11118,50,45,0,0,250,1,72,53
298,1,1,11118,50,47,0,0,250,1,62,45
299,1,1,11118,50,43,0,0,1015,3,157,141
300,1,1,12350,50,44,0,0,722,2,113,97
301,1,1,12350,50,48,1,0,722,2,164,120
302,1,6,27000,114,88,0,0,383,1,535,436
303,1,6,27000,114,94,0,0,383,1,617,526
304,1,1,10000,50,47,0,0,773,2,144,124
305,1,1,10000,50,47,0,0,73,1,50,23
306,1,1,10000,50,47,0,0,862,2,170,136
307,1,1,10000,50,49,0,0,886,2,149,127
308,1,1,79755,0,0,18239,5737,1026,3,164,138
309,1,1,108025,0,0,32891,3787,628,2,104,86
310,1,1,79755,0,0,25727,0,1024,3,148,123
311,1,1,79755,0,0,14991,218,391,1,87,60
312,1,1,108025,0,0,66035,0,391,1,94,57
313,2,2,79000,300,267,0,0,991,2,343,309
314,2,2,98300,362,322,428,0,862,2,329,274
315,2,2,79000,300,267,0,0,1558,4,536,422
316,2,2,68892,264,251,188,0,680,2,211,179
317,2,2,98180,360,356,70,0,680,2,204,174
318,2,2,81740,320,287,0,194,391,1,144,108
319,2,2,35220,140,133,0,0,1015,3,286,241
320,2,2,35220,140,122,0,0,589,2,206,176
321,2,2,37480,140,125,0,0,73,1,84,38
322,2,2,37480,140,124,0,0,73,1,78,36
323,2,2,30400,152,87,0,0,212,1,134,83
324,2,2,30400,152,91,0,0,624,2,236,191
325,2,2,30400,152,146,0,0,991,2,328,287
326,2,2,30400,152,138,0,0,794,2,282,227
327,2,1,13500,50,0,0,0,833,2,169,129
328,2,2,36480,139,73,0,0,89,1,112,73
329,2,2,30400,152,64,0,0,212,1,130,76
330,2,2,37480,140,0,0,0,773,2,242,196
331,2,2,30400,152,65,0,0,624,2,204,161
332,2,2,37480,140,96,0,0,1100,3,440,394
333,2,2,30400,152,145,0,0,853,2,308,243
334,2,2,37480,140,108,0,0,616,2,223,178
335,2,2,72337,300,223,375,2511,1199,3,416,310
336,2,2,72444,300,112,106,0,1069,3,326,294
337,2,2,77848,332,314,0,0,1476,3,471,413
338,2,2,70337,300,275,1391,2529,1199,3,338,296
339,2,2,66423,256,244,0,2664,1754,4,491,440
340,2,2,85088,332,322,0,0,1476,3,371,334
341,2,2,73424,300,269,46,0,836,2,271,230
342,2,2,84704,332,180,0,0,420,1,139,107
343,2,2,82724,332,318,33,1852,1436,3,368,328
344,2,2,73244,300,205,0,0,916,2,276,241
345,2,2,71109,256,243,104,3055,1506,4,426,385
346,2,2,73314,300,250,114,0,639,2,217,182
347,2,2,83719,332,273,0,0,996,2,271,236
348,2,2,70764,256,211,19,957,1605,4,536,450
349,2,2,73634,300,255,62,0,836,2,238,205
350,2,2,73000,300,220,4,0,1015,3,322,286
351,2,2,78004,332,149,20,0,420,1,177,136
352,2,2,58924,256,166,0,698,628,2,214,175
353,2,2,69419,256,243,1,1532,1506,4,422,381
354,2,2,59414,300,228,7,0,639,2,208,172
355,2,2,64400,286,217,0,0,649,2,214,166
356,2,2,86800,350,49,173,0,349,1,135,101
357,2,2,64400,286,165,190,0,1491,3,401,363
358,2,2,64400,286,274,59,0,1449,3,392,345
359,2,2,64400,286,254,1128,0,1154,3,321,283
360,2,2,64400,286,265,431,0,836,2,267,237
361,2,2,64400,286,253,208,0,1024,3,305,270
362,2,2,64400,286,204,565,0,391,1,150,124
363,2,2,64400,286,281,0,0,836,2,239,207
364,2,2,64400,286,274,1579,0,991,2,294,245
365,2,2,64400,286,275,13,0,853,2,278,239
366,2,2,64400,286,256,43,0,1024,3,323,260
367,2,2,64400,286,236,210,0,948,2,294,252
368,2,2,43606,152,104,0,0,1154,3,382,334
369,2,2,43606,152,112,0,0,1083,3,291,251
370,2,2,43606,152,137,0,0,1154,3,331,270
371,2,2,38184,140,132,0,0,680,2,247,188
372,2,2,43606,152,127,0,0,541,2,174,139
373,2,2,38184,140,137,0,0,495,1,196,149
374,2,2,60000,300,274,0,0,826,2,254,210
375,2,2,72000,360,295,0,0,680,2,226,177
376,2,2,73200,360,290,0,0,1436,3,345,311
377,2,2,73200,360,299,0,0,794,2,238,198
378,2,2,60000,300,242,0,0,826,2,301,258
379,2,2,73200,360,289,0,0,1436,3,482,416
380,2,2,73200,360,299,0,0,794,2,257,215
381,2,2,126608,0,0,39954,0,455,1,159,118
382,2,2,213861,0,0,67964,0,563,2,248,195
383,2,2,43004,152,143,0,0,1069,3,361,326
384,2,2,43004,152,139,0,0,1069,3,288,248
385,2,2,159510,0,0,33216,0,391,1,166,114
386,3,3,120700,480,396,2100,0,641,2,391,307
387,3,3,52830,210,177,0,0,524,2,268,206
388,3,3,52830,210,199,0,0,524,2,309,239
389,3,3,52830,210,199,0,0,680,2,342,277
390,3,3,52830,210,191,0,0,1024,3,456,362
391,3,3,52830,210,166,0,0,752,2,419,353
392,3,3,52830,210,199,0,0,1024,3,517,449
393,3,3,56220,210,166,0,0,349,1,218,167
394,3,3,40500,150,143,0,0,359,1,215,168
395,3,3,56220,210,136,0,0,524,2,325,211
396,3,3,40500,150,119,0,0,359,1,219,160
397,3,3,56220,210,193,0,0,524,2,301,239
398,3,3,45600,228,211,0,0,1069,3,508,424
399,3,3,45600,228,192,0,0,1085,3,444,381
400,3,3,54980,210,203,0,0,1015,3,406,350
401,3,3,40500,150,115,0,0,456,1,234,188
402,3,3,40500,150,135,0,0,196,1,168,102
403,3,3,40500,150,141,0,0,819,2,442,357
404,3,3,54980,210,192,0,0,602,2,350,265
405,3,3,40500,150,131,0,0,776,2,406,334
406,3,3,56220,210,131,0,0,898,2,452,368
407,3,3,56220,210,201,0,0,794,2,396,312
408,3,3,56220,210,206,0,0,541,2,294,230
409,3,3,40500,150,147,0,0,589,2,360,298
410,3,3,55220,209,89,0,0,655,2,447,388
411,3,3,40500,150,90,0,0,456,1,263,211
412,3,3,40500,150,140,0,0,196,1,195,113
413,3,3,40500,150,147,0,0,819,2,403,335
414,3,3,54980,210,204,0,0,602,2,329,243
415,3,3,56220,210,107,0,0,300,1,191,146
416,3,3,122849,486,333,0,0,850,2,387,329
417,3,3,107090,384,368,133,0,1491,3,680,635
418,3,3,116827,486,446,130,0,1337,3,627,544
419,3,3,106955,384,358,472,5334,1199,3,528,440
420,3,3,101729,384,346,568,3821,1605,4,653,547
421,3,3,136854,537,462,0,4386,533,2,278,216
422,3,3,98048,450,331,0,0,776,2,366,305
423,3,3,125837,498,471,64,0,495,1,276,219
424,3,3,107620,384,346,1505,0,888,2,454,374
425,3,3,104148,450,379,34,0,776,2,355,305
426,3,3,118898,498,482,20,0,1436,3,658,575
427,3,3,96600,429,336,884,0,349,1,236,179
428,3,3,130200,525,465,0,0,1610,4,726,679
429,3,3,96600,429,412,119,0,1199,3,597,502
430,3,3,103800,429,394,1352,0,1671,4,762,716
431,3,3,130200,525,513,451,0,1449,3,576,517
432,3,3,96600,429,388,368,0,977,2,409,355
433,3,3,96600,429,383,0,0,854,2,415,364
434,3,3,96600,429,400,318,0,533,2,275,226
435,3,2,86800,350,347,137,0,1062,3,296,260
436,3,3,96600,429,424,107,0,1062,3,431,388
437,3,3,96600,429,391,40,0,472,1,258,189
438,3,3,96600,429,385,2230,0,819,2,407,351
439,3,3,103800,429,417,95,0,1553,4,574,523
440,3,3,130200,525,481,0,0,794,2,382,323
441,3,3,96600,429,417,1828,0,1024,3,517,461
442,3,3,96600,429,330,18,0,948,2,432,386
443,3,3,96600,429,350,326,0,909,2,457,389
444,3,3,96600,429,374,559,0,639,2,318,274
445,3,3,96600,423,395,1105,0,977,2,513,463
446,3,3,96600,429,380,0,0,854,2,389,342
447,3,3,96600,429,427,0,0,1062,3,483,433
448,3,3,96600,429,311,397,0,472,1,263,212
449,3,3,96600,429,400,833,0,819,2,375,333
450,3,3,130200,525,508,0,0,1553,4,672,630
451,3,3,65409,228,203,0,0,349,1,246,169
452,3,3,65409,228,144,0,0,1083,3,524,455
453,3,3,57276,210,200,0,0,1201,3,578,523
454,3,3,65409,228,193,0,0,349,1,226,152
455,3,3,65409,228,190,0,0,1014,3,467,375
456,3,3,57276,210,169,0,0,563,2,318,250
457,3,3,57276,210,197,0,0,872,2,384,318
458,3,3,65409,228,213,0,0,495,1,285,216
459,3,3,57276,210,122,0,0,616,2,329,237
460,3,3,57276,210,198,0,0,641,2,382,291
461,3,3,65409,228,196,0,0,589,2,400,273
462,3,3,65409,228,200,0,0,872,2,420,353
463,3,3,57276,210,198,0,0,680,2,370,277
464,3,3,57276,210,197,0,0,1062,3,482,425
465,3,3,57276,210,206,0,0,472,1,293,222
466,3,3,57276,210,192,0,0,794,2,409,330
467,3,3,57276,210,130,0,0,616,2,335,272
468,3,3,90000,450,425,0,0,692,2,364,289
469,3,3,90000,450,424,0,0,692,2,343,271
470,3,3,138000,690,445,0,0,977,2,403,344
471,3,3,138000,690,517,0,0,977,2,527,420
472,3,3,109200,540,381,0,0,680,2,365,281
473,3,3,33354,150,126,0,0,455,1,256,204
474,3,3,33354,150,100,0,0,455,1,287,209
475,3,3,33354,150,123,0,0,637,2,307,244
476,3,3,33354,150,132,0,0,792,2,366,306
477,3,3,33354,150,141,0,0,639,2,350,286
478,3,3,33354,150,143,0,0,533,2,313,258
479,3,3,33354,150,92,0,0,792,2,396,342
480,3,3,33354,150,139,0,0,639,2,341,280
481,3,3,30000,150,142,0,0,911,2,464,392
482,3,3,239265,0,0,70464,0,819,2,376,311
483,4,4,79544,304,126,0,0,655,2,512,363
484,4,4,79544,304,169,0,0,655,2,452,358
485,4,4,146200,560,483,0,0,641,2,427,337
486,4,4,146200,560,541,11,0,641,2,494,380
487,4,4,70440,280,210,0,0,349,1,294,229
488,4,4,70440,280,265,0,0,349,1,279,210
489,4,4,70440,280,255,0,0,641,2,489,361
490,4,4,70440,280,274,0,0,641,2,518,364
491,4,4,54000,200,188,0,0,836,2,619,516
492,4,4,60800,304,260,0,0,679,2,530,425
493,4,4,60800,304,277,0,0,680,2,465,365
494,4,4,74960,280,236,0,0,637,2,424,332
495,4,4,74960,280,164,0,0,640,2,427,350
496,4,4,54000,200,187,0,0,836,2,539,436
497,4,4,74960,280,160,0,0,640,2,420,344
498,4,4,54000,200,191,0,0,533,2,458,352
499,4,4,60800,304,168,0,0,679,2,449,361
500,4,4,60800,304,293,0,0,680,2,548,414
501,4,4,47000,200,144,0,0,472,1,409,317
502,4,4,74960,280,253,0,0,637,2,488,362
503,4,4,142952,512,462,153,6943,1199,3,724,648
504,4,4,164811,704,509,0,0,524,2,365,291
505,4,4,125284,600,395,31,0,692,2,508,405
506,4,4,155101,664,577,225,1540,1154,3,720,653
507,4,4,136041,600,540,484,366,1154,3,756,668
508,4,4,143189,512,438,24,0,1069,3,670,572
509,4,4,137929,600,555,575,0,649,2,443,356
510,4,4,185611,704,623,125,0,524,2,356,295
511,4,4,156705,652,571,111,0,1337,3,730,621
512,4,4,165940,664,588,104,180,1154,3,645,552
513,4,4,144521,600,503,276,704,1154,3,613,538
514,4,4,156861,652,479,5,0,996,2,606,535
515,4,4,140058,600,545,119,0,752,2,473,405
516,4,4,189366,676,638,0,0,3414,7,1766,1681
517,4,5,201956,830,754,5,0,826,2,620,528
518,4,4,137741,512,456,209,2448,1062,3,597,533
519,4,4,159711,664,615,1272,4337,1558,4,837,738
520,4,4,144162,512,397,593,2230,1558,4,772,700
521,4,4,154589,716,497,24,0,804,2,541,459
522,4,4,561174,1464,668,3711,0,967,2,593,484
523,4,4,175495,716,684,5,6610,1123,3,715,635
524,4,4,144598,600,397,5,0,752,2,474,401
525,4,4,183058,676,642,0,0,3414,7,1593,1526
526,4,4,154028,664,617,112,0,826,2,569,461
527,4,4,164356,716,650,19,0,804,2,488,408
528,4,4,173600,700,660,1861,0,349,1,265,209
529,4,4,173600,700,624,0,0,1449,3,841,768
530,4,4,128800,566,506,505,0,775,2,479,411
531,4,4,173600,700,651,36,0,1553,4,784,718
532,4,4,128800,572,549,0,0,853,2,577,466
533,4,4,128800,572,553,387,0,794,2,473,410
534,4,4,173600,700,677,509,0,948,2,570,508
535,4,4,128800,572,561,165,0,896,2,581,510
536,4,4,128800,572,543,1591,0,680,2,470,391
537,4,4,138400,572,542,0,0,1553,4,936,853
538,4,4,173600,700,649,0,0,794,2,501,436
539,4,4,128800,572,516,8,0,391,1,339,237
540,4,4,128800,572,551,82,0,639,2,426,360
541,4,4,87212,304,276,0,0,977,2,593,493
542,4,4,76368,280,256,0,0,794,2,514,422
543,4,4,76368,280,242,0,0,563,2,446,339
544,4,4,87212,304,208,0,0,391,1,347,232
545,4,4,145200,720,693,0,0,896,2,557,460
546,4,4,120000,600,561,0,0,846,2,558,466
547,4,4,145200,720,577,0,0,896,2,611,527
548,4,4,120000,600,567,0,0,846,2,557,434
549,4,4,170239,648,505,0,1286,680,2,425,353
550,4,4,44472,200,185,0,0,420,1,344,236
551,4,4,44472,200,158,0,0,420,1,322,264
552,4,3,50400,193,146,0,0,1081,3,473,401
553,4,4,67200,258,211,0,0,1081,3,680,593
554,4,4,432100,0,0,153735,0,850,2,581,472
555,4,4,424400,0,0,243523,0,1024,3,596,499
556,4,4,470180,0,0,173084,0,391,1,320,240
557,4,4,470180,0,0,171992,0,391,1,283,212
558,5,5,88050,350,281,0,0,692,2,580,440
559,5,5,88050,350,308,0,0,977,2,751,609
560,5,5,88050,350,328,0,0,977,2,741,657
561,5,5,64000,250,163,0,0,455,1,486,335
562,5,5,76000,380,359,0,0,1199,3,928,791
563,5,5,64000,250,180,0,0,455,1,438,350
564,5,5,76000,380,365,0,0,1201,3,919,790
565,5,5,93700,350,280,0,0,250,1,322,225
566,5,5,93700,350,314,0,0,752,2,615,508
567,5,5,76000,380,364,0,0,420,1,428,316
568,5,5,67500,250,228,0,0,533,2,539,407
569,5,5,93700,350,299,0,0,872,2,723,572
570,5,5,93700,350,192,0,0,604,2,502,403
571,5,4,47000,200,142,0,0,472,1,339,263
572,5,5,67500,250,197,0,0,916,2,791,662
573,5,5,93700,350,230,0,0,250,1,350,235
574,5,5,93700,350,335,0,0,533,2,513,404
575,5,5,76000,380,357,0,0,872,2,741,638
576,5,4,54000,200,124,0,0,776,2,534,426
577,5,4,73960,279,201,0,0,391,1,348,235
578,5,5,178092,750,738,471,0,649,2,540,437
579,5,5,219754,895,852,99,0,1337,3,1037,907
580,5,5,164357,640,581,62,2205,1491,3,980,856
581,5,5,173288,750,461,4,0,692,2,564,441
582,5,5,219154,895,813,24,0,1337,3,929,816
583,5,5,179325,640,500,90,0,1069,3,786,660
584,5,5,494650,1820,1483,31037,37,1605,4,1012,900
585,5,5,179937,640,528,136,0,836,2,665,587
586,5,5,155745,750,632,42,0,964,2,785,681
587,5,5,183219,750,602,8,0,819,2,626,542
588,5,6,214834,900,694,155,0,948,2,887,758
589,5,5,182492,750,592,0,7649,909,2,721,623
590,5,5,179711,640,490,128,0,639,2,552,456
591,5,5,199330,830,823,52,0,1703,4,1298,1117
592,5,5,173090,640,564,33,0,836,2,611,506
593,5,5,237436,895,697,109,4105,533,2,497,399
594,5,5,243490,895,804,0,0,495,1,502,355
595,5,5,175729,750,656,54,0,819,2,626,528
596,5,5,208982,830,699,460,0,991,2,707,618
597,5,5,165519,640,605,50,301,1024,3,755,634
598,5,5,170187,640,613,0,0,948,2,717,621
599,5,5,170921,640,619,27,0,639,2,551,476
600,5,5,161000,715,619,1612,0,1014,3,830,736
601,5,5,173000,715,633,0,0,854,2,689,598
602,5,5,161000,715,665,1845,0,680,2,530,448
603,5,5,161000,715,697,1226,0,770,2,578,498
604,5,5,161000,715,686,1674,0,883,2,700,622
605,5,5,173000,715,673,0,0,854,2,643,564
606,5,5,217000,875,715,139,0,495,1,422,350
607,5,5,217000,875,821,0,0,1290,3,987,899
608,5,5,161000,715,700,832,0,770,2,683,592
609,5,5,95460,350,331,0,0,770,2,655,545
610,5,5,230000,1150,877,0,0,602,2,606,442
611,5,5,230000,1150,1091,0,0,602,2,533,396
612,5,5,213845,810,653,0,1785,680,2,581,474
613,5,5,55590,250,209,0,0,692,2,545,449
614,5,5,22500,95,14,0,0,90,1,199,133
615,5,5,22500,95,13,0,0,90,1,202,135
616,6,6,105660,420,387,0,0,872,2,807,640
617,6,6,105660,420,390,0,0,680,2,834,598
618,6,6,105660,420,349,0,0,1081,3,994,809
619,6,6,105660,420,332,0,0,1081,3,1074,902
620,6,6,112440,420,382,0,0,1199,3,1229,1019
621,6,6,91200,456,421,0,0,1201,3,1198,1029
622,6,6,91200,456,363,0,0,834,2,941,740
623,6,6,91200,456,412,0,0,1337,3,1214,1020
624,6,6,81000,300,272,0,0,964,2,1014,828
625,6,6,91200,456,190,0,0,1040,3,1103,939
626,6,6,112440,420,330,0,0,589,2,640,515
627,6,6,112440,420,329,0,0,752,2,751,603
628,6,6,91200,456,384,0,0,420,1,501,389
629,6,6,112440,420,392,0,0,872,2,891,716
630,6,6,112440,420,325,0,0,604,2,601,492
631,6,6,91200,456,222,0,0,1040,3,911,790
632,6,6,112440,420,300,0,0,898,2,756,642
633,6,6,77500,300,248,0,0,916,2,928,774
634,6,6,112440,420,382,0,0,541,2,602,482
635,6,6,112440,420,375,0,0,639,2,671,544
636,6,6,229852,1074,937,174,3035,775,2,747,618
637,6,6,279180,1074,850,86,7332,1123,3,959,829
638,6,6,218358,900,727,0,0,1015,3,862,719
639,6,6,244614,984,930,0,310,977,2,818,690
640,6,6,213159,900,795,0,6981,533,2,540,436
641,6,6,215633,900,780,2,0,896,2,813,647
642,6,6,204199,900,811,0,1316,1062,3,896,781
643,6,6,597376,2184,2053,65896,24545,1605,4,1430,1246
644,6,6,220146,984,954,0,2309,977,2,926,822
645,6,6,196685,768,755,34,7586,977,2,962,854
646,6,6,218579,900,755,0,0,964,2,824,713
647,6,6,208319,900,817,122,0,896,2,899,771
648,6,6,204040,900,761,121,7850,1558,4,1495,1270
649,6,6,207600,858,801,0,0,1703,4,1336,1240
650,6,7,303800,1225,1157,391,0,1447,3,1378,1242
651,6,6,260400,1050,989,8,0,533,2,533,424
652,6,6,193200,858,753,889,0,957,2,911,798
653,6,6,260400,1050,994,497,0,495,1,505,407
654,6,6,260400,1050,915,0,0,1447,3,1249,1138
655,6,6,260400,1050,885,1786,0,967,2,887,717
656,6,6,260400,1050,1002,1409,0,391,1,466,348
657,6,6,114552,420,398,0,0,1199,3,1112,981
658,6,5,95460,350,308,0,0,1199,3,872,738
659,6,6,114552,420,400,0,0,641,2,808,588
660,6,6,114552,420,387,0,0,472,1,514,373
661,6,6,114552,420,397,0,0,1024,3,916,771
662,6,6,377317,0,0,125368,0,207,1,290,215
663,6,6,743355,0,0,367675,0,872,2,812,659
664,6,6,820366,0,0,460413,0,872,2,855,652
665,6,6,375089,0,0,66319,0,207,1,317,227
666,6,6,820366,0,0,465747,0,872,2,875,716
667,6,6,66708,300,251,0,0,483,1,538,404
668,7,7,280000,1162,921,0,0,420,1,582,444
669,7,7,280000,1162,858,0,0,420,1,552,408
670,7,7,123270,490,453,0,0,1162,3,1128,960
671,7,7,123270,490,450,0,0,1162,3,1227,1116
672,7,7,131180,490,419,0,0,775,2,927,779
673,7,7,106400,532,448,0,0,845,2,1035,831
674,7,7,106400,532,503,0,0,1337,3,1612,1380
675,7,7,131180,490,430,0,0,212,1,383,257
676,7,7,106400,532,489,0,0,1482,3,1508,1283
677,7,7,106400,532,480,0,0,1482,3,1775,1601
678,7,7,289418,1162,843,123,0,455,1,564,427
679,7,7,235841,896,877,0,0,649,2,783,646
680,7,7,211673,896,630,94,0,850,2,915,776
681,7,7,283069,1162,904,314,5234,455,1,599,461
682,7,7,226041,896,862,495,0,649,2,733,620
683,7,7,252096,896,701,89,0,850,2,967,832
684,7,7,338785,1253,869,694,0,589,2,666,535
685,7,7,248921,1253,802,9,0,996,2,1063,950
686,7,7,217873,896,706,34,0,996,2,1062,929
687,7,7,325178,1253,1153,4,0,896,2,903,759
688,7,7,238540,896,772,57,0,495,1,623,495
689,7,7,247363,896,761,608,4252,1290,3,1197,1070
690,7,7,322848,1253,780,2692,9568,391,1,581,444
691,7,7,342206,1253,1034,193,0,589,2,682,568
692,7,7,324021,1253,938,0,0,996,2,971,836
693,7,7,245606,1050,895,0,3916,533,2,729,577
694,7,7,286418,1253,1158,10,0,896,2,1085,912
695,7,7,294120,1162,1054,327,9567,1558,4,1632,1460
696,7,7,247173,896,807,51,9150,1290,3,1340,1210
697,7,7,254324,1050,844,1,0,541,2,653,535
698,7,7,225400,995,953,688,0,775,2,896,769
699,7,7,303800,1225,1150,3842,0,1201,3,1276,1165
700,7,7,303800,1225,1144,1096,0,1605,4,1470,1315
701,7,7,242200,1001,944,0,0,1179,3,1123,1010
702,7,7,303800,1225,1152,3608,0,1436,3,1267,1159
703,7,7,242200,1001,959,0,0,1179,3,1213,1094
704,7,7,225400,1001,928,76,0,541,2,696,581
705,7,7,77826,350,290,0,0,692,2,944,759
706,7,7,77826,350,298,0,0,141,1,387,216
707,7,7,77826,350,294,0,0,483,1,633,491
708,7,7,910573,0,0,433940,3085,1024,3,1013,825
709,7,7,1190777,0,0,579794,3949,1024,3,1132,978
710,8,8,308200,1200,876,0,0,602,2,856,665
711,8,8,308200,1200,1007,0,870,602,2,826,665
712,8,8,140880,560,523,0,0,1201,3,1398,1167
713,8,8,149920,560,530,0,0,1069,3,1431,1243
714,8,7,131180,490,397,0,0,639,2,769,625
715,8,8,149920,560,464,0,0,495,1,757,579
716,8,8,263688,1024,972,393,1614,775,2,999,854
717,8,8,282418,1024,642,24,1027,775,2,957,822
718,8,8,284532,1200,1038,500,9731,1671,4,1777,1538
719,8,8,286022,1200,1017,1089,9567,1123,3,1366,1149
720,8,8,320716,1328,1240,47,0,1703,4,1881,1695
721,8,8,278722,1024,945,62,0,1620,4,1696,1542
722,8,8,272353,1200,1016,24,0,826,2,922,791
723,8,8,374632,1420,1072,4189,4546,680,2,882,731
724,8,8,347727,1432,1323,55,4840,1024,3,1313,1118
725,8,8,286781,1200,922,8,0,541,2,740,593
726,8,8,287522,1024,812,0,0,996,2,1155,1000
727,8,8,284735,1200,1170,458,1102,1062,3,1283,1143
728,8,8,374573,1432,1232,305,7313,391,1,668,474
729,8,8,347200,1400,1209,1918,0,836,2,1097,955
730,8,8,257600,1138,1010,817,0,883,2,1123,968
731,8,8,257600,1144,1105,1092,0,862,2,1178,924
732,8,8,257600,1144,986,1610,0,495,1,703,559
733,8,8,257600,1144,1099,1273,0,602,2,899,704
734,8,8,257600,1144,1062,2813,0,967,2,1252,1063
735,8,8,257600,1144,1048,208,0,628,2,843,689
736,8,8,257600,1144,1056,284,0,533,2,849,670
737,8,8,347200,1400,1313,1163,0,1436,3,1721,1567
738,8,8,152736,560,525,0,0,1014,3,1361,1096
739,8,8,240000,1200,917,0,0,964,2,1351,1146
740,8,8,240000,1200,905,0,0,964,2,1137,933
741,8,8,1552063,0,0,147267,0,957,2,1240,1011
742,8,8,88944,400,371,0,0,152,1,508,315
743,8,8,88944,400,245,0,0,152,1,476,290
744,8,8,88944,400,344,0,0,141,1,456,248
745,9,9,909000,1404,1299,0,0,543,2,918,702
746,9,9,909000,1404,1257,0,0,543,2,924,696
747,9,9,360000,1494,1268,0,0,604,2,1038,786
748,9,9,909000,1404,1267,0,0,655,2,1092,852
749,9,9,360000,1494,1272,0,0,604,2,942,738
750,9,9,909000,1404,1184,0,0,655,2,1032,804
751,9,9,67500,450,308,0,0,665,2,1086,942
752,9,9,90000,450,344,0,0,665,2,930,768
753,9,9,118000,450,356,0,0,692,2,1073,842
754,9,9,136800,684,651,0,0,752,2,1213,981
755,9,9,121500,450,409,0,0,495,1,854,659
756,9,9,168660,630,549,0,0,495,1,833,624
757,9,9,136800,684,570,0,0,752,2,1155,944
758,9,9,168660,630,486,0,0,212,1,551,363
759,9,9,136800,684,630,0,0,964,2,1408,1178
760,9,9,310348,1350,1215,38,3161,1491,3,2143,1909
761,9,9,328654,1350,1254,404,2685,977,2,1247,1067
762,9,9,366721,1494,1266,81,9963,991,2,1327,1173
763,9,9,330697,1350,1185,679,11574,1123,3,1583,1339
764,9,9,325299,1350,1144,3,0,996,2,1227,1068
765,9,9,306134,1350,1259,395,10049,977,2,1371,1228
766,9,9,314071,1350,1183,224,0,826,2,1267,1076
767,9,9,289800,1287,1056,882,0,1199,3,1546,1340
768,9,9,390600,1575,1296,8211,0,1671,4,1846,1684
769,9,9,390600,1575,1501,2897,0,977,2,1363,1227
770,9,9,390600,1575,1369,3031,0,680,2,1036,876
771,9,9,289800,1287,1151,219,0,794,2,1224,1041
772,9,9,270000,1350,1275,0,0,1476,3,1846,1593
773,9,9,746460,0,0,297183,13732,1024,3,1422,1259
774,10,10,152000,760,724,0,0,1154,3,2014,1699
775,10,10,135000,500,444,0,0,850,2,1535,1252
776,10,10,152000,760,690,0,0,1154,3,1742,1482
777,10,10,152000,760,667,0,0,639,2,1249,991
778,10,10,135000,500,486,0,0,770,2,1404,1176
779,10,10,364649,1500,1341,178,5254,1671,4,2439,2224
780,10,10,363084,1500,1358,509,8159,1491,3,2046,1727
781,10,10,358429,1500,1248,1925,0,589,2,948,723
782,10,10,399617,1648,1089,56,0,483,1,892,688
783,10,10,316431,1280,1073,131,0,776,2,1243,1050
784,10,10,330439,1500,1261,110,0,589,2,1057,856
785,10,10,362195,1500,1472,501,5817,1452,3,2229,1971
786,10,10,433068,1790,1663,259,1960,1062,3,1608,1403
787,10,10,438317,1790,1618,255,0,819,2,1233,1031
788,10,10,349081,1280,916,0,0,776,2,1203,1008
789,10,10,346000,1430,1332,3391,0,1201,3,1576,1408
790,10,10,322000,1430,1178,321,0,628,2,1066,888
791,10,10,434000,1750,1691,1259,0,680,2,1049,885
792,10,11,380600,1573,1359,2736,0,1024,3,1534,1336
793,10,10,322000,1430,1336,1541,0,495,1,912,737
794,10,10,346000,1430,1329,2418,0,1024,3,1610,1450
795,10,10,322000,1430,1366,5484,0,967,2,1475,1225
796,10,10,190920,700,670,0,0,809,2,1452,1161
797,10,10,300000,1500,1287,0,0,1476,3,2283,1999
798,10,10,300000,1500,1366,0,0,589,2,999,769
799,10,10,300000,1500,1436,0,0,589,2,1057,835
800,10,10,1057707,0,0,247774,0,872,2,2182,1882
801,10,10,1253301,0,0,932323,0,872,2,1438,1179
802,10,10,111180,500,403,0,0,541,2,1003,758
803,10,10,111180,500,422,0,0,541,2,1056,852
804,10,1,4500,19,13,0,0,218,1,73,60
805,10,1,4500,19,11,0,0,218,1,66,52
806,10,10,16000,80,77,0,0,328,1,946,831
807,10,9,14400,72,64,0,0,328,1,820,718
808,11,11,378906,1452,1341,1607,0,1620,4,2481,2190
809,11,11,148500,550,477,0,0,495,1,1065,854
810,11,11,439369,1826,1750,78,3181,1491,3,2505,2261
811,11,11,400501,1650,1180,147,0,996,2,1764,1491
812,11,11,394420,1650,1532,384,1871,1452,3,2082,1848
813,11,10,399135,1660,1609,763,3248,1062,3,1497,1304
814,11,11,505928,1957,1689,0,6198,472,1,955,680
815,11,11,471648,1969,1761,351,0,819,2,1415,1186
816,11,11,457245,1814,1619,1621,11123,909,2,1605,1388
817,11,11,453758,1814,1216,318,0,483,1,1039,768
818,11,11,477400,1925,1806,2751,0,1452,3,2060,1860
819,11,11,354200,1573,1499,9031,0,862,2,1537,1274
820,11,11,477400,1925,1838,88,0,533,2,1096,892
821,11,11,354200,1573,1517,1139,0,602,2,1066,900
822,11,11,330000,1650,1388,0,0,834,2,1572,1308
823,11,11,330000,1650,1401,0,0,834,2,1429,1156
824,11,11,122298,550,503,0,0,1015,3,1742,1447
825,12,13,486200,1950,1704,0,0,1626,4,2982,2629
826,12,13,486200,1950,1770,0,0,1626,4,3498,3020
827,12,12,211320,840,776,0,0,794,2,1496,1229
828,12,12,211320,840,761,0,0,794,2,1709,1440
829,12,12,158500,600,528,0,0,996,2,2006,1761
830,12,13,470394,1950,1716,3504,4317,680,2,1429,1185
831,12,12,427827,1536,1426,186,6256,1436,3,2385,2072
832,12,12,487206,1980,1878,79,10278,1024,3,2000,1718
833,12,12,408503,1800,1731,616,8809,641,2,1420,1127
834,12,12,458261,1980,1873,90,0,896,2,1829,1542
835,12,12,470478,2112,1577,37,6299,680,2,1413,1120
836,12,12,432929,1800,1543,500,7881,909,2,1574,1327
837,12,12,386400,1716,1498,2576,0,1014,3,1789,1552
838,12,12,761644,0,0,147172,0,632,2,1101,933
839,12,12,133416,600,520,0,0,637,2,1451,1128
840,13,13,1313000,2028,1874,0,0,1069,3,2238,1986
841,13,13,1313000,2028,1776,0,0,1069,3,1992,1686
842,13,13,447798,1716,1492,4,0,1620,4,3306,2811
843,13,13,241380,909,762,0,0,391,1,1153,823
844,13,13,172000,650,501,0,0,752,2,1758,1468
845,13,13,441252,1950,1495,719,8615,455,1,1090,862
846,13,14,580110,2324,1903,4017,0,589,2,1386,1110
847,13,13,520827,2146,1926,187,0,896,2,1705,1415
848,13,13,534595,2158,1870,243,8853,472,1,1092,792
849,13,13,535027,2158,1836,357,0,819,2,1655,1405
850,13,13,460703,1950,1772,285,16658,1506,4,2637,2328
851,13,13,555504,2327,2217,5,3446,1546,4,2883,2598
852,13,13,453556,1664,1579,484,173,1436,3,2935,2655
853,13,13,458537,1950,1724,2,64,853,2,1741,1442
854,13,13,390000,1950,1648,0,0,524,2,1276,902
855,13,13,471600,2340,2259,0,0,692,2,1661,1337
856,13,13,390000,1950,1855,0,0,524,2,1256,1016
857,13,13,471600,2340,2180,0,0,692,2,1402,1102
858,13,13,390000,1950,1820,0,0,1370,3,2557,2231
859,13,13,390000,1950,1849,0,0,1024,3,2213,1919
860,13,13,390000,1950,1862,0,0,1370,3,2797,2502
861,13,13,390000,1950,1853,0,0,1024,3,2058,1642
862,13,13,821902,0,0,540673,0,957,2,1833,1503
863,14,14,185500,700,596,0,0,692,2,1726,1383
864,14,14,503832,2100,1486,405,0,455,1,1190,897
865,14,14,577161,2288,2007,56,1459,775,2,1698,1393
866,14,14,548961,2324,2082,111,1,853,2,1800,1578
867,14,14,569672,2324,1877,20,0,589,2,1563,1210
868,14,13,440142,1664,1586,2188,1588,862,2,1870,1499
869,14,14,576876,2312,2069,47,34416,472,1,1327,983
870,14,14,582620,2324,2031,81,0,819,2,1779,1505
871,14,14,589824,2324,1929,12,0,948,2,2003,1725
872,14,14,450800,2002,1910,8741,0,651,2,1585,1353
873,14,14,607600,2450,2359,4467,0,1703,4,3355,3044
874,14,14,644000,3220,2967,0,0,1014,3,2221,1912
875,14,14,644000,3220,2602,0,0,1014,3,2095,1764
876,15,15,228000,1140,1007,0,0,1068,3,2765,2376
877,15,15,199000,750,644,0,0,996,2,2378,1949
878,15,15,228000,1140,1053,0,0,1068,3,2578,2121
879,15,15,537403,2490,2081,217,0,349,1,1074,786
880,15,15,609778,2490,2231,70,8661,1290,3,2661,2340
881,15,15,668947,2673,2331,27,37245,472,1,1374,1074
882,15,15,578658,2490,2302,435,15902,1290,3,3004,2647
883,15,14,267288,980,932,0,0,589,2,1636,1239
884,15,15,543600,2700,2455,0,0,826,2,1838,1504
885,15,15,543600,2700,2373,0,0,826,2,2240,1769
886,15,15,2590926,0,0,1163906,0,872,2,2070,1605
887,15,15,166770,750,637,0,0,624,2,1635,1349
888,15,15,166770,750,565,0,0,616,2,1521,1187
889,15,15,166770,750,569,0,0,616,2,1679,1389
890,15,15,271500,1140,1004,0,0,1068,3,2946,2327
891,15,15,271500,1140,1024,0,0,1068,3,2358,1865
892,16,16,785440,2880,2613,690,365,1123,3,2875,2547
893,16,16,212500,800,605,0,0,752,2,2013,1594
894,16,16,641859,2656,2324,316,0,349,1,1167,831
895,16,16,545897,2400,2187,615,6609,628,2,1647,1320
896,16,16,491612,2048,1854,0,0,1620,4,4016,3537
897,16,16,606415,2656,2427,437,8373,1024,3,2417,2000
898,16,16,643870,2644,2296,182,13668,909,2,2122,1791
899,16,16,305472,1120,985,0,0,872,2,2420,2037
900,16,16,578400,2880,2812,0,0,1014,3,2693,2322
901,16,16,578400,2880,2728,0,0,1014,3,2405,2021
902,16,16,480000,2400,2234,0,0,679,2,1954,1564
903,16,16,480000,2400,2227,0,0,1162,3,2738,2222
904,16,16,480000,2400,1813,0,0,679,2,1900,1405
905,16,16,480000,2400,2302,0,0,1162,3,3071,2622
906,16,16,1013557,0,0,317135,0,632,2,1628,1405
907,16,16,1013764,0,0,321148,0,1061,3,2418,2100
908,16,16,1012365,0,0,482374,0,872,2,2221,1889
909,16,16,2753758,0,0,1382593,0,872,2,2295,1899
910,16,16,1013557,0,0,660324,0,1061,3,2583,2318
911,16,16,177888,800,707,0,0,624,2,1653,1397
912,16,16,177888,800,708,0,0,771,2,2198,1875
913,16,16,32000,128,117,0,0,328,1,1409,1220
914,16,16,32000,128,121,0,0,328,1,1345,1145
915,17,18,898280,3582,3355,285,0,680,2,2016,1643
916,17,17,848520,3383,3222,926,1925,1123,3,3209,2726
917,17,17,299370,1190,1059,0,0,541,2,1722,1361
918,17,17,258400,1292,807,0,0,349,1,1398,1001
919,17,17,318580,1190,1129,0,0,533,2,1833,1290
920,17,17,258400,1292,1048,0,0,776,2,2416,1928
921,17,17,318580,1190,1124,0,0,563,2,1728,1412
922,17,17,258400,1292,1098,0,0,776,2,2161,1782
923,17,17,557128,2176,1932,252,8621,1154,3,3079,2732
924,17,17,718383,3043,2665,466,0,349,1,1203,851
925,17,19,837542,3401,3223,503,8119,1201,3,3311,2842
926,17,17,800721,3043,2875,113,2806,977,2,2409,2019
927,17,17,619723,2550,2193,287,2039,628,2,1874,1496
928,17,17,590285,2176,1985,87,0,964,2,2315,2013
929,17,16,638180,2656,2494,791,5323,1062,3,2527,2212
930,17,17,723450,3031,2721,1632,15235,1290,3,3356,3023
931,17,17,772241,3019,2500,145,0,948,2,2472,2104
932,17,17,547400,2431,2123,3577,0,651,2,1975,1626
933,17,17,510000,2550,2319,0,0,991,2,2657,2337
934,17,17,612000,3060,2891,0,0,1024,3,3045,2580
935,17,17,510000,2550,2433,0,0,991,2,2556,2114
936,17,17,614400,3060,2934,0,0,1024,3,2668,2142
937,17,17,189006,850,679,0,0,752,2,1972,1649
938,18,18,337320,1260,918,0,0,563,2,1822,1442
939,18,18,273600,1368,1058,0,0,996,2,3120,2687
940,18,18,336080,1260,888,0,0,616,2,1985,1417
941,18,18,273600,1368,1184,0,0,996,2,2908,2250
942,18,18,334840,1260,873,0,0,420,1,1572,1199
943,18,18,773884,3222,2893,546,0,349,1,1334,994
944,18,18,738198,2988,2741,1405,18722,1491,3,3554,3171
945,18,18,632007,2304,2115,2694,3387,1154,3,2874,2509
946,18,18,614952,2304,2160,517,1185,862,2,2499,2059
947,18,18,769195,3222,3066,303,8184,1290,3,3226,2794
948,18,18,737711,2988,2620,361,0,948,2,2641,2312
949,18,18,644372,2304,2097,190,0,948,2,2688,2323
950,18,18,654372,2700,1747,2929,16797,391,1,1519,1133
951,18,18,646522,2700,2494,1156,1283,770,2,2003,1671
952,18,18,586479,2700,2222,342,14959,391,1,1395,1034
953,18,18,806903,3222,3047,983,23360,1506,4,4006,3573
954,18,18,781200,3150,2922,2500,0,628,2,1912,1561
955,18,17,324564,1190,1052,0,0,541,2,1701,1282
956,18,18,200124,900,801,0,0,73,1,845,381
957,18,18,200124,900,769,0,0,73,1,732,315
958,18,18,200124,900,677,0,0,589,2,1958,1656
959,18,18,1846385,0,0,567627,0,455,1,1556,1172
960,18,18,1849732,0,0,1175210,26302,455,1,1514,1151
961,18,18,1931611,0,0,856546,0,819,2,2387,1952
962,18,18,1926720,0,0,1399292,0,819,2,2152,1816
963,18,18,1932711,0,0,1331386,0,828,2,2207,2005
964,19,19,353580,1330,799,0,0,420,1,1474,1081
965,19,19,356060,1330,1235,0,0,1024,3,2895,2334
966,19,19,288800,1444,988,0,0,300,1,1387,990
967,19,19,629688,2432,2334,688,16317,1671,4,4774,4372
968,19,19,663289,2432,1451,0,0,524,2,1884,1335
969,19,19,664139,2432,2272,1529,0,524,2,1805,1460
970,19,19,600835,2432,2077,324,0,964,2,2954,2536
971,19,19,814602,3401,3116,575,3060,1062,3,2811,2437
972,19,19,799521,3130,2211,837,7032,602,2,1966,1580
973,19,19,673686,2432,2274,262,0,804,2,2578,2200
974,19,19,843265,3401,2356,684,24519,794,2,2286,1965
975,19,19,2143463,4788,4382,17245,2,967,2,2984,2357
976,19,19,622352,2432,1495,171,0,483,1,1701,1376
977,19,19,793158,3142,2518,413,0,836,2,2321,1955
978,19,19,646737,2432,1960,72,0,804,2,2375,1978
979,19,19,2244789,4788,4400,196833,858,967,2,2857,2117
980,19,19,689028,2850,2747,916,21458,1506,4,4254,3700
981,19,19,362748,1330,1220,0,0,349,1,1506,1073
982,19,19,362748,1330,1203,0,0,349,1,1451,996
983,19,19,362748,1330,1222,0,0,1201,3,3233,2748
984,19,19,362748,1330,1232,0,0,391,1,1693,1251
985,19,19,362748,1330,1144,0,0,533,2,2038,1604
986,19,19,570000,2850,2198,0,0,911,2,2766,2215
987,19,19,1193619,0,0,738980,0,626,2,2010,1614
988,19,19,1201649,0,0,620058,0,626,2,1954,1532
989,19,19,2010808,0,0,1402901,0,872,2,2805,2369
990,20,20,352200,1400,1231,0,0,1199,3,4005,3292
991,20,20,352200,1400,642,0,0,752,2,2315,1845
992,20,19,334590,1330,1219,0,0,1062,3,2870,2469
993,20,20,354800,1380,893,0,0,292,1,1421,1000
994,20,20,304000,1520,1309,0,0,1085,3,3681,3245
995,20,20,304000,1520,1343,0,0,533,2,2030,1487
996,20,20,266500,1000,727,0,0,616,2,2218,1691
997,20,20,372320,1400,1359,0,0,641,2,2552,1975
998,20,20,304000,1520,1266,0,0,844,2,2935,2249
999,20,20,304000,1520,1489,0,0,602,2,2190,1671
1000,20,19,354820,1330,1264,0,0,794,2,2619,2186
1001,20,20,670867,3000,2599,1573,12928,775,2,2523,2145
1002,20,20,682346,3000,2835,851,0,1337,3,4026,3612
1003,20,20,708842,3000,2533,822,0,1337,3,3650,3187
1004,20,20,719949,3000,2539,164,0,483,1,1666,1280
1005,20,20,703814,2560,1873,12,0,483,1,1706,1318
1006,20,20,833604,3308,2451,370,0,836,2,2692,2322
1007,20,20,700428,2560,2357,1076,5556,533,2,1870,1405
1008,20,20,722077,3000,2185,64,0,495,1,1777,1365
1009,20,20,713797,3000,2786,918,10407,1290,3,3481,3041
1010,20,20,708101,3000,2694,311,1009,853,2,2699,2346
1011,20,20,704610,3000,2630,1695,6890,794,2,2400,2015
1012,20,20,686159,3000,2341,252,0,483,1,1933,1466
1013,20,20,868000,3500,3315,14047,0,1201,3,3262,2849
1014,20,20,721200,3600,3185,0,0,589,2,1851,1443
1015,20,20,721200,3600,3192,0,0,589,2,2196,1749
1016,20,20,600000,3000,2392,0,0,911,2,3268,2636
1017,21,21,1030890,3779,3556,3649,1757,680,2,2472,2069
1018,21,20,352200,1400,1220,0,0,420,1,1546,1138
1019,21,21,283500,1050,852,0,0,649,2,2460,1834
1020,21,21,319200,1596,1345,0,0,349,1,1596,1102
1021,21,21,276500,1050,987,0,0,770,2,2662,2145
1022,21,21,372540,1449,1004,0,0,292,1,1324,938
1023,21,20,810902,3320,3030,348,37051,1199,3,3778,3266
1024,21,21,760416,3150,2821,182,0,1703,4,4590,4250
1025,21,21,869700,3474,3082,1835,7869,680,2,2322,1866
1026,21,21,750536,2688,2389,211,0,819,2,2682,2331
1027,21,21,761150,3150,2839,2737,27576,991,2,3179,2771
1028,21,21,753016,2688,2401,559,12762,1024,3,3424,3000
1029,21,21,839000,3735,3102,623,0,948,2,3198,2731
1030,21,21,856207,3759,3465,235,25409,1506,4,4348,3860
1031,21,20,706542,2560,2346,38,0,1015,3,3352,2877
1032,21,21,737222,2688,2571,899,14408,533,2,2117,1720
1033,21,21,722018,2688,2463,179,0,819,2,2645,2249
1034,21,20,675319,2560,2399,2057,9608,1558,4,4983,4388
1035,21,21,720003,3150,2854,85,17626,1290,3,4244,3817
1036,21,21,714355,3150,2937,1033,12299,770,2,2884,2409
1037,21,21,830193,3486,3323,371,2418,1506,4,4615,4185
1038,21,21,726600,3003,2247,6073,0,1671,4,4452,4045
1039,21,21,911400,3675,1683,6063,0,804,2,2693,2402
1040,21,21,911400,3675,2102,3689,0,1024,3,2969,2629
1041,21,21,911400,3675,3148,6210,0,391,1,1652,1286
1042,21,21,400932,1469,1354,0,0,533,2,2035,1509
1043,22,22,74800,0,0,35966,0,160,1,1532,1329
1044,22,22,74800,0,0,21747,0,40,1,471,344
1045,22,21,369810,1470,1332,0,0,1069,3,3331,2688
1046,22,22,387420,1540,1184,0,0,141,1,1249,690
1047,22,22,387420,1540,1171,0,0,637,2,2598,2123
1048,22,22,409800,1540,696,0,0,848,2,3192,2635
1049,22,22,334400,1672,1581,0,0,775,2,3308,2713
1050,22,22,297000,1100,779,0,0,638,2,2589,2110
1051,22,22,411040,1540,1379,0,0,771,2,2846,2376
1052,22,22,334400,1672,1215,0,0,423,1,1882,1482
1053,22,22,759201,2816,2543,118,22653,1671,4,4775,4283
1054,22,22,793919,3300,3055,1536,11430,472,1,1738,1344
1055,22,22,775888,2816,2489,262,0,1482,3,4319,3800
1056,22,22,787877,2816,1559,70,0,916,2,3260,2774
1057,22,22,2178105,7913,6174,17922,18900,967,2,3425,2775
1058,22,22,772058,3300,3078,1186,0,1703,4,5580,4906
1059,22,21,711169,3150,2855,102,1749,680,2,2679,2083
1060,22,22,706175,2816,2673,738,845,1062,3,3810,3363
1061,22,22,764309,3300,2966,171,20983,472,1,2148,1605
1062,22,22,784666,3300,2615,848,4261,991,2,3173,2747
1063,22,22,762468,2816,2661,116,0,1482,3,5111,4631
1064,22,22,1005021,3938,3690,1894,13457,794,2,2840,2358
1065,22,22,641670,2816,2037,31,0,916,2,2991,2517
1066,22,22,761200,3146,2872,7027,0,1201,3,4005,3632
1067,22,22,954800,3850,3714,21316,0,1154,3,3486,3055
1068,22,22,954800,3850,3766,1479,0,1620,4,4790,4291
1069,22,22,420024,1540,1430,0,0,1154,3,3749,3117
1070,22,22,798000,3960,3289,0,0,516,2,2178,1641
1071,22,22,798000,3960,3366,0,0,516,2,2039,1551
1072,22,22,77000,0,0,35960,0,160,1,1532,1329
1073,22,22,1385637,0,0,576847,0,854,2,2790,2357
1074,22,22,77000,0,0,21715,0,40,1,471,345
1075,22,22,77000,0,0,11749,0,172,1,1516,1388
1076,22,22,1387471,0,0,824702,0,854,2,2906,2451
1077,22,22,2360599,0,0,552896,0,804,2,2939,2474
1078,23,23,405030,1610,1245,0,0,141,1,1194,634
1079,23,25,440250,1750,1602,0,0,472,1,2159,1583
1080,23,23,405030,1610,1484,0,0,300,1,1601,1065
1081,23,23,307000,1150,1064,0,0,349,1,2084,1348
1082,23,23,349600,1748,1645,0,0,1199,3,4532,3933
1083,23,23,349600,1748,1532,0,0,850,2,3294,2614
1084,23,23,349600,1748,1650,0,0,1069,3,4319,3722
1085,23,23,307000,1150,1087,0,0,349,1,1801,1269
1086,23,23,349600,1748,1653,0,0,641,2,2726,2115
1087,23,23,349600,1748,1379,0,0,844,2,3533,2888
1088,23,23,349600,1748,1578,0,0,602,2,2748,2110
1089,23,23,349600,1748,1367,0,0,483,1,2242,1746
1090,23,23,349600,1748,1652,0,0,533,2,2622,2011
1091,23,23,310500,1150,1023,0,0,964,2,3596,2881
1092,23,23,303500,1150,996,0,0,931,2,3623,2957
1093,23,23,428540,1610,1102,0,0,848,2,3002,2410
1094,23,23,1053224,4117,3699,660,0,649,2,2362,1927
1095,23,23,969154,4117,3729,3280,0,649,2,2586,2099
1096,23,23,807479,2944,2485,507,0,406,1,1900,1474
1097,23,23,748476,3450,2105,488,0,495,1,2106,1667
1098,23,23,757346,2944,2706,703,0,495,1,2267,1768
1099,23,23,999993,4117,3887,797,41239,1558,4,5553,4854
1100,23,23,943700,3794,3365,574,21015,602,2,2297,1855
1101,23,23,2290381,8277,6738,129167,24,967,2,3378,2606
1102,23,23,795800,3289,2635,279,0,1449,3,5079,4581
1103,23,23,998200,4025,3760,3097,0,649,2,2477,2102
1104,23,22,761200,3146,2970,745,0,1449,3,4135,3727
1105,23,23,998200,4025,3708,3409,0,1123,3,4071,3622
1106,23,23,998200,4025,2760,10538,0,1024,3,3697,3315
1107,23,23,998200,4025,3476,4522,0,639,2,2294,1953
1108,23,23,439116,1609,1450,0,0,1154,3,4331,3727
1109,23,23,439116,1609,1269,0,0,563,2,2505,1967
1110,23,23,255714,1150,1046,0,0,1162,3,3820,3296
1111,23,22,244596,1100,1009,0,0,1162,3,4108,3721
1112,23,23,230000,1150,1096,0,0,927,2,3682,3167
1113,23,23,230000,1150,916,0,0,927,2,3358,2861
1114,24,24,717600,2640,2486,1529,1008,1069,3,3959,3556
1115,24,24,717600,2640,2380,1,1293,1069,3,3665,3161
1116,24,25,440250,1750,1462,0,0,637,2,2605,1988
1117,24,23,405030,1610,1157,0,0,420,1,1896,1491
1118,24,24,324000,1200,1059,0,0,850,2,3528,2812
1119,24,24,324000,1200,925,0,0,931,2,3945,3314
1120,24,24,447280,1680,1489,0,0,913,2,3793,3158
1121,24,24,320500,1200,1061,0,0,541,2,2797,2170
1122,24,24,971593,3972,3522,201,0,649,2,2464,1993
1123,24,25,1200038,4463,3576,27,7209,775,2,3137,2540
1124,24,24,859025,3600,3070,610,7504,775,2,2883,2440
1125,24,24,1009889,3936,3383,4871,14152,641,2,2556,2054
1126,24,23,938261,4117,3898,493,0,1703,4,5314,4840
1127,24,24,846278,3600,2282,388,0,420,1,1835,1351
1128,24,24,999794,4056,3552,1252,0,3329,7,10354,9830
1129,24,24,996961,4056,3711,5028,0,3302,7,10426,9826
1130,24,24,948399,3972,3779,5719,27470,1506,4,4942,4384
1131,24,24,1014240,4296,4189,491,0,1703,4,6149,5423
1132,24,24,768301,3600,2917,229,0,420,1,1979,1536
1133,24,24,654428,3072,2327,219,0,406,1,2021,1444
1134,24,24,1158310,4056,3052,5865,0,3329,7,9492,9038
1135,24,24,1156427,4056,3450,1858,0,3302,7,9395,8906
1136,24,24,779974,3072,2594,377,0,541,2,2309,1896
1137,24,24,1041600,4200,3865,2184,0,649,2,2416,2030
1138,24,24,830400,3432,3238,3203,0,1447,3,4580,4142
1139,24,24,830400,3432,3283,996,0,1447,3,5175,4728
1140,24,24,1041600,4200,4050,2376,0,819,2,2947,2521
1141,24,24,1041600,4200,3856,1103,0,948,2,3388,2931
1142,24,24,458208,1680,1627,0,0,775,2,3153,2621
1143,24,24,458208,1679,1289,0,0,563,2,2363,1847
1144,24,24,458208,1679,1547,0,0,1024,3,4219,3618
1145,24,23,439116,1610,1365,0,0,541,2,2362,1908
1146,24,24,868800,4320,3723,0,0,483,1,2096,1555
1147,24,24,868800,4320,3458,0,0,483,1,2556,1837
1148,24,24,84000,0,0,40688,0,172,1,1796,1630
1149,24,24,240000,1200,962,0,0,809,2,3134,2557
1150,24,24,38400,192,176,0,0,277,1,1986,1672
1151,25,25,440250,1750,1602,0,0,1069,3,4439,3827
1152,25,25,380000,1900,1698,0,0,964,2,4249,3519
1153,25,25,466020,1750,1516,0,0,776,2,3135,2527
1154,25,25,1000021,4138,4020,2585,11777,1754,4,6766,6127
1155,25,25,792164,3200,2770,73,0,1337,3,5458,4872
1156,25,25,1018725,4126,3610,2093,21199,1199,3,4310,3666
1157,25,25,992355,4138,3660,3285,0,649,2,2817,2274
1158,25,25,876454,3200,2745,3913,0,1337,3,4688,4034
1159,25,25,851692,3200,2893,384,13475,967,2,3973,3299
1160,25,25,955614,4102,4022,591,21700,641,2,3264,2442
1161,25,25,921417,4138,3668,167,2678,680,2,3109,2458
1162,25,25,890467,3200,2777,1068,1429,909,2,3344,2845
1163,25,25,1085000,4375,4063,12170,0,651,2,2923,2385
1164,25,25,1085000,4375,3748,8631,0,909,2,3262,2825
1165,25,25,477300,1750,1666,0,0,495,1,2361,1739
1166,25,25,750000,3750,3543,0,0,391,1,2104,1558
1167,25,25,750000,3750,3589,0,0,770,2,3005,2390
1168,25,25,750000,3750,3157,0,0,604,2,2737,2050
1169,25,25,750000,3750,3477,0,0,391,1,2151,1393
1170,25,25,750000,3750,3592,0,0,770,2,3528,2879
1171,26,26,88400,0,0,40799,0,160,1,1612,1453
1172,26,26,457860,1820,1693,0,0,872,2,3899,3301
1173,26,26,457860,1820,1519,0,0,495,1,2398,1888
1174,26,26,484760,1820,1369,0,0,913,2,3759,3211
1175,26,26,395200,1976,1878,0,0,1014,3,4531,3928
1176,26,26,487240,1820,1537,0,0,1083,3,4181,3467
1177,26,26,395200,1976,1538,0,0,483,1,2454,1791
1178,26,26,484760,1820,1409,0,0,776,2,3391,2687
1179,26,26,344000,1300,1036,0,0,792,2,3422,2784
1180,26,26,395200,1976,1876,0,0,589,2,2957,2403
1181,26,26,351000,1300,857,0,0,576,2,2930,2272
1182,26,26,395200,1976,1856,0,0,472,1,2646,1984
1183,26,26,344000,1300,1034,0,0,792,2,3823,3293
1184,26,26,923286,3328,2976,92,0,541,2,2323,1790
1185,26,26,1099589,4654,4320,1002,9892,602,2,2656,2108
1186,26,26,916944,3900,3602,91,0,948,2,3742,3218
1187,26,26,1128400,4550,4367,5586,0,775,2,3451,2976
1188,26,24,830400,3432,3362,5171,0,1558,4,5018,4494
1189,26,27,934200,3861,3680,1221,0,1290,3,4699,4132
1190,26,26,899600,3718,3526,6116,0,1703,4,6369,5728
1191,26,26,1128400,4550,3776,1335,0,836,2,3176,2730
1192,26,26,780000,3900,3208,0,0,604,2,2971,2372
1193,26,26,942000,4680,3677,0,0,977,2,3674,3054
1194,26,26,780000,3900,3388,0,0,628,2,2890,2297
1195,26,26,942000,4680,4463,0,0,977,2,4297,3573
1196,26,26,780000,3900,3674,0,0,628,2,2894,2159
1197,26,26,91000,0,0,40799,0,160,1,1609,1453
1198,26,26,886237,3303,2861,122,7052,680,2,2839,2350
1199,26,26,886237,3303,2982,816,7011,680,2,3177,2555
1200,26,26,289068,1300,1231,0,0,533,2,2518,1888
1201,26,26,289068,1300,1208,0,0,196,1,1556,957
1202,26,26,289068,1300,880,0,0,196,1,1574,943
1203,26,26,41600,208,114,0,0,170,1,1458,1207
1204,26,26,41600,208,93,0,0,170,1,1412,1194
1205,26,26,41600,208,193,0,0,277,1,2085,1772
1206,27,29,510690,2030,1906,0,0,533,2,2763,2034
1207,27,27,475470,1890,1722,0,0,679,2,3388,2626
1208,27,26,457860,1820,1681,0,0,472,1,2465,1891
1209,27,27,503500,1890,1573,0,0,1014,3,4640,3998
1210,27,27,410400,2052,1860,0,0,1014,3,4266,3504
1211,27,27,364500,1350,1016,0,0,576,2,2929,2267
1212,27,27,410400,2052,1387,0,0,423,1,2233,1572
1213,27,27,410400,2052,1997,0,0,472,1,2633,1832
1214,27,27,364500,1350,1134,0,0,834,2,3914,3104
1215,27,27,1115121,4821,4385,2034,29315,1491,3,5432,4751
1216,27,27,1181822,4833,3896,3289,14285,602,2,2905,2300
1217,27,27,1107148,4410,3647,2449,12484,794,2,3174,2694
1218,27,27,967461,3456,2703,542,5063,909,2,3951,3419
1219,27,27,912709,3456,3283,1082,17166,602,2,2715,2180
1220,27,27,1049430,4410,3716,444,2777,794,2,3566,3062
1221,27,27,934200,3861,3488,2312,0,1610,4,6471,6022
1222,27,27,1171800,4725,4554,12594,0,1671,4,6626,6136
1223,27,27,1171800,4725,4330,22565,0,1754,4,7495,6622
1224,27,27,1171800,4725,4551,7042,0,1123,3,4352,3760
1225,27,27,1171800,4725,4227,5294,0,804,2,3219,2751
1226,27,27,515484,1890,1667,0,0,73,1,1191,534
1227,27,27,515484,1890,1616,0,0,775,2,3439,2763
1228,27,27,5177242,0,0,2198850,0,872,2,3781,2932
1229,28,24,967900,3840,2610,569,0,1558,4,5020,4498
1230,28,28,1013500,3584,3163,466,0,602,2,2972,2386
1231,28,26,1301100,4754,2489,0,0,721,2,3313,2524
1232,28,28,1126200,4480,4196,80,0,862,2,4003,3130
1233,28,28,1405600,5068,4330,250,5277,1709,4,7068,6225
1234,28,28,1013500,3584,3296,431,3077,602,2,2823,2236
1235,28,29,1127491,4640,4451,922,257,1123,3,4696,4025
1236,28,29,510690,2030,1686,0,0,495,1,2669,2025
1237,28,28,493080,1960,1643,0,0,679,2,3126,2576
1238,28,28,524720,1960,1767,0,0,1083,3,4913,4218
1239,28,28,425600,2128,1880,0,0,911,2,4492,3481
1240,28,28,378000,1400,1111,0,0,423,1,2252,1630
1241,28,28,378000,1400,1040,0,0,423,1,2482,1952
1242,28,28,1020305,4576,4160,915,359,775,2,3481,2933
1243,28,28,1094514,5012,4629,167,0,1476,3,6544,5733
1244,28,27,1170629,4833,4488,480,0,1476,3,5217,4687
1245,28,28,1215200,4900,4400,951,0,1290,3,4730,4234
1246,28,28,840000,4200,3949,0,0,1436,3,5331,4772
1247,28,28,840000,4200,3838,0,0,794,2,3447,2848
1248,28,28,1016400,5040,4765,0,0,991,2,4228,3453
1249,28,28,840000,4200,3890,0,0,1436,3,6339,5555
1250,28,28,840000,4200,3981,0,0,794,2,3960,3121
1251,28,28,1013600,5040,4466,0,0,1123,3,4530,3850
1252,28,28,1276800,6384,5775,0,0,1703,4,6147,5620
1253,28,28,1276800,6384,5583,0,0,1703,4,6966,6147
1254,28,28,1013600,5040,4792,0,0,862,2,4161,3463
1255,28,26,525460,2015,1648,0,0,722,2,3165,2479
1256,28,28,311304,1400,1038,0,0,627,2,2936,2363
1257,28,28,280000,1400,1158,0,0,911,2,4293,3443
1258,29,29,1166600,4640,3826,195,521,862,2,4768,3401
1259,29,29,1455800,5249,4379,201,2423,1709,4,6998,6063
1260,29,27,1351200,4938,3286,0,0,721,2,3568,2967
1261,29,27,501885,1890,1193,0,0,701,2,3287,2635
1262,29,29,388000,1450,1346,0,0,420,1,2490,1728
1263,29,29,538270,2030,1587,0,0,701,2,3775,2996
1264,29,29,1251431,5191,4615,3997,41631,1199,3,5065,4241
1265,29,29,1268046,5191,4558,1502,0,836,2,3786,3223
1266,29,29,2943917,10556,9532,175205,9451,862,2,4168,3271
1267,29,29,1029335,3712,3446,1307,12336,602,2,3147,2485
1268,29,29,2330529,6351,5596,54130,1818,967,2,4864,3659
1269,29,29,2919836,10556,9571,111333,592,862,2,3836,3092
1270,29,29,1003400,4147,3896,1841,0,1015,3,4072,3524
1271,29,30,1302000,5250,4516,3713,0,977,2,4131,3608
1272,29,29,1258600,5075,4540,8163,0,1605,4,7550,6455
1273,29,29,1003400,4147,3210,409,0,1015,3,4633,4131
1274,29,29,553668,2030,1757,0,0,1083,3,5151,4470
1275,29,29,1044000,5220,5027,0,0,1199,3,5792,4673
1276,29,29,1045200,5220,4719,0,0,1154,3,4723,4007
1277,29,29,1053600,5220,4577,0,0,991,2,4647,3946
1278,29,29,870000,4350,4100,0,0,853,2,3930,3399
1279,29,29,870000,4350,4038,0,0,1452,3,6787,5863
1280,29,29,870000,4350,4210,0,0,853,2,4024,3229
1281,29,29,1049800,5220,4442,0,0,862,2,3961,3283
1282,29,29,1044000,5220,4446,0,0,862,2,4108,3390
1283,29,29,1044000,5220,4242,0,0,853,2,3972,3417
1284,29,29,1049800,5220,4925,0,0,641,2,3738,2853
1285,29,29,1049800,5220,4613,0,0,1123,3,5088,4494
1286,29,29,1049800,5220,4846,0,0,862,2,3919,3247
1287,29,29,1038200,5220,4690,0,0,680,2,3573,2833
1288,29,29,1049800,5220,4826,0,0,853,2,3927,3177
1289,29,28,565880,2173,1885,23,0,722,2,3662,2883
1290,29,29,586090,2249,1099,0,0,419,1,2557,1902
1291,29,29,586090,2249,1213,0,0,419,1,2455,1718
1292,29,32,1279360,5088,4548,1673,2297,1024,3,5593,4826
1293,29,32,1279360,5088,4472,3374,0,1024,3,4860,3962
1294,29,29,322422,1450,1104,0,0,391,1,2350,1760
1295,29,28,311304,1400,1155,0,0,391,1,2286,1747
1296,30,30,1551000,5610,4970,0,0,602,2,3266,2559
1297,30,30,1551000,5610,5219,5603,17270,602,2,3185,2431
1298,30,29,1127491,4633,4272,3000,0,1184,3,5368,4547
1299,30,28,1088612,4477,4155,4997,0,1184,3,4653,4007
1300,30,30,1166370,4791,4616,934,717,1123,3,5309,4654
1301,30,30,528300,2100,1101,0,0,120,1,1508,789
1302,30,30,528300,2100,1074,0,0,120,1,1635,926
1303,30,30,401500,1500,1377,0,0,524,2,2938,2238
1304,30,30,562200,2100,1822,0,0,809,2,4063,3280
1305,30,30,398000,1500,1409,0,0,649,2,3688,2948
1306,30,30,456000,2280,2140,0,0,649,2,3705,2890
1307,30,30,560960,2100,1635,0,0,844,2,4205,3476
1308,30,30,401500,1500,1231,0,0,594,2,3347,2703
1309,30,30,401500,1500,1230,0,0,594,2,3246,2564
1310,30,30,562200,2100,1821,0,0,809,2,4303,3398
1311,30,30,398000,1500,1002,0,0,573,2,3148,2541
1312,30,30,2836187,10920,9692,64061,94184,3365,7,12598,11911
1313,30,30,1299030,5370,4629,694,0,836,2,3800,3191
1314,30,30,3031887,10920,10120,344222,42972,3365,7,11691,10842
1315,30,30,2421885,6570,6022,314830,13993,862,2,4260,3393
1316,30,30,979905,3840,3015,639,0,420,1,2820,2096
1317,30,30,1256246,5370,5095,345,39216,977,2,4779,4153
1318,30,30,1222413,5358,4659,1139,6242,1024,3,4553,3799
1319,30,30,1038000,4290,4156,7094,0,1610,4,6067,5545
1320,30,30,1302000,5250,4468,7290,0,909,2,4374,3823
1321,30,30,1038000,4290,4114,5114,0,1558,4,7565,6396
1322,30,30,1038000,4290,4158,1784,0,1506,4,6491,5951
1323,30,30,572760,2099,1973,0,0,1014,3,4624,3833
1324,30,30,1380000,6900,6530,0,0,775,2,4162,3286
1325,30,30,1380000,6900,5709,0,0,1201,3,5787,5062
1326,30,30,900000,4500,4265,0,0,1337,3,6232,5512
1327,30,30,1082400,5400,4684,0,0,1154,3,5675,4752
1328,30,30,900000,4500,4166,0,0,1520,4,6180,5492
1329,30,30,900000,4500,3970,0,0,551,2,3028,2451
1330,30,30,1083600,5400,4906,0,0,1199,3,5404,4443
1331,30,30,900000,4500,4042,0,0,1199,3,5250,4502
1332,30,30,1380000,6900,5791,0,0,775,2,3878,3036
1333,30,30,1380000,6900,6024,0,0,1201,3,5128,4413
1334,30,30,900000,4500,4238,0,0,1337,3,5439,4776
1335,30,30,900000,4500,4019,0,0,641,2,3491,2603
1336,30,30,900000,4500,4253,0,0,1452,3,5717,5053
1337,30,30,1380000,6900,5830,0,0,628,2,3450,2644
1338,30,30,1094400,5400,5262,0,0,1620,4,6810,6007
1339,30,30,1380000,6900,6427,0,0,872,2,4050,3318
1340,30,30,1087200,5400,4884,0,0,1709,4,6681,6033
1341,30,30,1110000,5400,5282,0,0,1062,3,4667,4009
1342,30,30,1092000,5400,5107,0,0,472,1,2729,1901
1343,30,30,1380000,6900,6484,0,0,991,2,4752,4091
1344,30,30,1081200,5400,4952,0,0,1558,4,6191,5439
1345,30,30,900000,4500,4247,0,0,1558,4,6208,5487
1346,30,30,1083600,5400,4881,0,0,1290,3,5341,4699
1347,30,30,1104000,5400,5035,0,0,853,2,4033,3459
1348,30,30,1380000,6900,6608,0,0,1024,3,5069,4380
1349,30,30,1380000,6900,6379,0,0,391,1,2552,1925
1350,30,30,1380000,6900,5959,0,0,770,2,3564,2897
1351,30,30,900000,4500,4193,0,0,1506,4,6227,5537
1352,30,30,900000,4500,4219,0,0,641,2,3817,2955
1353,30,30,1380000,6900,6328,0,0,628,2,3416,2507
1354,30,30,1105200,5400,5148,0,0,1620,4,7391,6495
1355,30,30,900000,4500,4243,0,0,1520,4,6637,5973
1356,30,30,1380000,6900,6482,0,0,872,2,4541,3779
1357,30,30,1087200,5400,4934,0,0,1709,4,7752,6635
1358,30,30,1110000,5400,5291,0,0,1062,3,5112,4362
1359,30,30,1092000,5400,4940,0,0,472,1,3092,2257
1360,30,30,1380000,6900,6037,0,0,991,2,4553,3634
1361,30,30,1084800,5400,5089,0,0,1558,4,7638,6518
1362,30,30,900000,4500,4107,0,0,1558,4,7504,6384
1363,30,30,900000,4500,4175,0,0,551,2,3001,2338
1364,30,30,1084800,5400,4543,0,0,1290,3,6090,5329
1365,30,30,1380000,6900,6308,0,0,853,2,4209,3337
1366,30,30,1380000,6900,6262,0,0,1024,3,4603,3723
1367,30,30,1380000,6900,6107,0,0,391,1,2672,1701
1368,30,30,1380000,6900,6556,0,0,770,2,4169,3368
1369,30,30,900000,4500,4031,0,0,1506,4,6733,5890
1370,30,30,1092000,5400,4029,0,0,641,2,3221,2597
1371,30,30,870000,4350,3682,0,0,862,2,4365,3529
1372,30,30,1074000,5400,4741,0,0,680,2,3487,2775
1373,30,30,870000,4350,3987,0,0,862,2,4203,3312
1374,30,30,1227201,5373,4766,923,0,1024,3,5155,4398
1375,30,29,1186121,5195,4770,14054,0,1024,3,4477,3650
1376,30,30,333540,1500,1222,0,0,1048,3,4599,3906
1377,30,29,322422,1450,1273,0,0,1048,3,5021,4404
1378,31,31,1602700,5797,5483,1686,227,1558,4,7604,6581
1379,31,31,471200,2356,1950,0,0,455,1,2886,2101
1380,31,31,471200,2356,1922,0,0,455,1,2997,2194
1381,31,31,415000,1550,1379,0,0,524,2,3340,2622
1382,31,31,471200,2356,1809,0,0,916,2,4913,4164
1383,31,31,415000,1550,1101,0,0,420,1,2903,2205
1384,31,31,471200,2356,2193,0,0,911,2,5148,4188
1385,31,31,471200,2356,1889,0,0,916,2,4532,3814
1386,31,31,1102165,3968,3211,14,0,420,1,2329,1792
1387,31,31,1088106,4650,4354,186,0,1620,4,6900,6119
1388,31,31,1221212,5122,4866,242,10318,1546,4,6569,5856
1389,31,31,1115534,4650,4038,2019,13909,602,2,3376,2664
1390,31,31,1081322,4650,4094,697,3066,602,2,3153,2509
1391,31,31,1394238,5549,4744,0,40600,909,2,4110,3512
1392,31,31,1072600,4433,3996,3239,0,1123,3,4862,4149
1393,31,31,930000,4650,4458,0,0,1199,3,6215,5120
1394,31,31,1426000,7130,6614,0,0,853,2,4198,3613
1395,31,31,1126800,5580,5280,0,0,391,1,2588,1925
1396,31,31,1149600,5580,5327,0,0,853,2,4610,3454
1397,31,31,1126800,5580,5338,0,0,391,1,2633,1842
1398,31,31,344658,1550,1394,0,0,1024,3,4817,3976
1399,31,31,344658,1550,1343,0,0,1024,3,5268,4641
1400,31,31,3920321,0,0,1946318,279975,1024,3,4421,3752
1401,32,32,1388800,6400,5404,0,0,1626,4,6998,6327
1402,32,32,1388800,6400,5414,0,0,1626,4,8730,7221
1403,32,37,1440725,5907,4522,1599,65,391,1,3343,2551
1404,32,37,1440725,5906,5168,11066,1286,391,1,3023,2141
1405,32,32,563520,2240,1961,0,0,775,2,4383,3619
1406,32,32,597200,2240,1743,0,0,1069,3,5275,4274
1407,32,32,1139462,4800,4612,2301,13670,1754,4,8321,7568
1408,32,32,1309313,5716,5316,477,8776,1201,3,6065,5335
1409,32,32,1136123,4096,3890,214,4306,846,2,4399,3742
1410,32,33,1432200,5775,5118,2890,0,775,2,4041,3350
1411,32,32,1388800,5600,5247,5419,0,1754,4,7284,6571
1412,32,32,1388800,5600,5184,5345,0,651,2,3486,2917
1413,32,33,1141800,4719,4319,4652,0,819,2,4053,3534
1414,32,32,1388800,5600,5312,17855,0,1558,4,8048,6949
1415,32,32,1107200,4576,4049,7127,0,804,2,3774,3246
1416,32,32,610944,2240,1891,0,0,1083,3,5091,4255
1417,32,32,960000,4800,4642,0,0,896,2,4425,3685
1418,32,32,960000,4800,4263,0,0,896,2,5007,4061
1419,32,32,4053241,0,0,2592196,27897,1024,3,4935,4330
1420,33,33,442000,1650,1445,0,0,483,1,3039,2289
1421,33,33,501600,2508,2034,0,0,834,2,4792,3752
1422,33,33,1475727,5907,5265,530,59489,1199,3,6306,5490
1423,33,33,1105723,4224,3938,1118,52500,472,1,3104,2419
1424,33,33,1432200,5775,5318,1325,0,1199,3,5598,4851
1425,33,33,1432200,5775,5196,7280,0,896,2,4849,4203
1426,33,33,1141800,4719,4278,3555,0,639,2,3470,2857
1427,33,33,630036,2309,2209,0,0,977,2,5324,4588
1428,33,33,1191600,5940,5468,0,0,533,2,3036,2324
1429,33,33,1191600,5940,5574,0,0,533,2,3548,2783
1430,33,33,6340967,0,0,2861762,0,872,2,4790,3891
1431,33,33,366894,1650,1458,0,0,771,2,4078,3300
1432,33,33,366894,1650,1207,0,0,627,2,3811,3040
1433,34,34,1363000,5440,4423,1286,39,641,2,3852,2913
1434,34,34,452000,1700,1613,0,0,639,2,4141,3246
1435,34,33,1173503,4224,3904,320,0,896,2,4440,3709
1436,34,34,1213420,5100,4826,9985,6089,888,2,4709,3949
1437,34,34,1402794,6086,5667,936,30119,641,2,4298,3322
1438,34,33,1432200,5775,5383,6857,0,1703,4,7572,6824
1439,34,34,1251600,6120,5791,0,0,1123,3,6357,5390
1440,34,34,378012,1700,1381,0,0,423,1,2594,1937
1441,35,35,1718150,6300,5660,4926,0,1123,3,5559,4811
1442,35,35,465500,1750,1473,0,0,300,1,2439,1604
1443,35,35,532000,2660,2369,0,0,1015,3,6186,5301
1444,35,35,1263884,5250,4739,3690,11064,641,2,3730,2946
1445,35,35,1228073,4480,3967,2474,10332,641,2,4028,3109
1446,35,34,1216233,5100,4905,248,0,1620,4,8453,7373
1447,35,34,1148023,4352,3980,235,0,896,2,4981,4290
1448,35,35,1499656,6265,5720,598,6559,853,2,4823,3969
1449,35,35,1032355,4480,4076,12,810,846,2,4599,3872
1450,35,35,1519000,6125,5859,5383,0,1014,3,4983,4254
1451,35,35,1519000,6125,5678,7416,0,1558,4,7091,6310
1452,35,35,1211000,5005,4406,3868,0,1123,3,6138,5525
1453,35,35,1211000,5005,4586,2922,0,836,2,4302,3672
1454,35,35,1519000,6125,5159,5450,0,1452,3,7682,7042
1455,35,35,1519000,6125,5689,7865,0,991,2,4898,4266
1456,35,35,1294800,6300,5851,0,0,1123,3,5764,4799
1457,35,35,4305903,0,0,2576162,0,977,2,4926,4147
1458,35,35,4308926,0,0,3056879,0,977,2,5298,4601
1459,35,35,389130,1750,1561,0,0,349,1,2701,2001
1460,35,36,400248,1800,1694,0,0,349,1,2755,1957
1461,35,34,378012,1700,1456,0,0,563,2,3577,2866
1462,36,36,1767240,6480,6096,2003,1784,1199,3,6050,5287
1463,36,36,633960,2520,2229,0,0,1085,3,6388,5509
1464,36,35,469000,1750,1487,0,0,911,2,5408,4377
1465,36,36,486000,1800,1519,0,0,563,2,3682,2803
1466,36,36,479000,1800,1546,0,0,483,1,3616,2809
1467,36,36,475500,1800,1418,0,0,616,2,4208,3403
1468,36,36,1464422,5964,5509,3509,21074,1201,3,5772,5082
1469,36,36,1263845,5400,4873,2797,22176,1605,4,9160,7881
1470,36,36,1562400,6300,4411,20632,0,967,2,5435,4701
1471,36,36,687312,2520,2188,0,0,809,2,4877,3992
1472,36,36,400248,1800,1612,0,0,563,2,4225,3266
1473,36,36,3860657,0,0,2547707,24458,1024,3,5626,4967
1474,37,37,1816330,6660,6261,14700,15768,1199,3,6940,5956
1475,37,36,1240056,4752,4559,3415,159,1626,4,8209,7326
1476,37,35,1205610,4619,4346,7666,3989,1626,4,9777,7978
1477,37,37,651570,2590,2012,0,0,300,1,2512,1800
1478,37,37,499500,1850,1585,0,0,563,2,4034,3194
1479,37,37,1647839,6623,6129,963,43297,1491,3,8392,7529
1480,37,36,1650380,6432,5611,5066,49414,641,2,4055,3206
1481,37,36,1282143,4608,4159,189,0,1015,3,5059,4362
1482,37,37,1274427,5550,5164,854,17563,1546,4,7800,6991
1483,37,37,1300637,4736,4461,758,13284,472,1,3006,2287
1484,37,37,1496393,6094,5570,1118,47024,1605,4,9412,8153
1485,37,38,1344205,5700,5281,1549,21376,888,2,5603,4641
1486,37,37,1280200,5291,4737,917,0,649,2,3676,3063
1487,37,37,1280200,5291,4958,13681,0,1154,3,5656,5026
1488,37,37,1280200,5291,4990,4064,0,1546,4,7631,6880
1489,37,37,1280200,5291,4886,3250,0,1506,4,7428,6723
1490,37,37,1605800,6475,6252,6723,0,1546,4,8330,7622
1491,37,37,411366,1850,1478,0,0,752,2,5210,4278
1492,38,38,506000,1900,1568,0,0,516,2,3862,3004
1493,38,38,506000,1900,1382,0,0,516,2,3745,2811
1494,38,38,1342729,4864,4290,6000,12898,967,2,5541,4479
1495,38,37,1280200,5291,5135,7039,0,1620,4,8039,7112
1496,38,38,1314800,5434,4814,5181,0,804,2,5041,4316
1497,38,34,1185240,4216,3939,4141,3993,1024,3,6008,5144
1498,39,39,433602,1950,1542,0,0,423,1,3652,2725
1499,39,39,1349400,5577,5182,9331,0,991,2,6025,5396
1500,39,35,1220100,4340,4029,1856,0,1024,3,5355,4405
1501,39,39,1349400,5577,4784,7185,0,649,2,4142,3552
1502,39,39,1257230,4992,4248,610,0,589,2,4302,3403
1503,39,39,1378403,4992,4415,3569,0,589,2,3658,2895
1504,40,40,1428551,6000,5580,9102,23238,862,2,5546,4438
1505,40,40,608000,3040,2804,0,0,639,2,4713,3713
1506,40,40,180000,760,382,0,0,296,1,3470,2829
1507,40,39,1382661,4992,4638,441,2148,853,2,5131,4503
1508,40,40,608000,3040,2826,0,0,649,2,4704,3576
1509,40,40,529500,2000,1453,0,0,300,1,2945,2083
1510,40,39,1371985,4992,4750,1089,9758,853,2,5363,4332
1511,41,41,1380308,5248,3950,210,0,692,2,5008,4110
1512,41,41,1443020,5248,3976,92,0,692,2,4365,3565
1513,41,41,1464197,6150,4739,620,0,406,1,3375,2592
1514,41,42,1501396,6300,5843,3087,25177,862,2,6226,4846
1515,41,41,1322189,5248,5009,1674,21481,641,2,4882,3797
1516,41,41,1452029,5248,4051,39,0,752,2,4798,3951
1517,41,41,1779400,7175,6430,3863,0,628,2,4203,3363
1518,41,41,1779400,7175,6641,8682,0,770,2,5316,4588
1519,41,40,180000,760,351,0,0,296,1,3414,2686
1520,42,38,1308948,5016,4557,7710,1601,391,1,3091,2212
1521,42,42,638400,3192,2660,0,0,850,2,6505,5414
1522,42,42,638400,3192,2630,0,0,495,1,4054,2994
1523,42,42,638400,3192,2448,0,0,300,1,3055,2009
1524,42,42,556500,2100,1887,0,0,391,1,3834,2740
1525,42,42,638400,3192,2797,0,0,495,1,4417,3436
1526,42,42,1450992,5376,4866,2812,0,752,2,5368,4457
1527,42,42,1804225,7518,6536,2061,23689,909,2,6045,5170
1528,42,41,1418600,5863,4751,15999,0,1491,3,9261,8474
1529,42,42,1822800,7350,5983,23466,0,1024,3,6279,5265
1530,43,43,1285700,4729,4337,0,0,1024,3,7447,6356
1531,43,39,1343394,5148,4489,1083,48,391,1,3363,2603
1532,43,43,653600,3268,3017,0,0,872,2,6219,4925
1533,43,43,1394121,6450,5042,83,0,406,1,3442,2561
1534,43,43,1498183,6450,6246,1556,1628,1436,3,9454,8507
1535,44,43,1285700,4728,4378,1512,168,1024,3,6821,5475
1536,44,43,757230,3010,2565,0,0,1199,3,7608,6287
1537,44,44,1812400,7280,6246,2266,56522,1123,3,7151,6100
1538,44,44,1851767,7876,7006,1511,13487,1546,4,9142,8249
1539,44,44,1931438,7876,7196,1178,255,853,2,5891,5018
1540,44,44,1423502,5632,5065,482,8914,680,2,5276,4269
1541,44,44,1909600,7700,7402,7872,0,896,2,5769,4878
1542,44,44,1909600,7700,7077,6124,0,853,2,5738,5015
1543,45,47,827670,3290,3004,0,0,770,2,5606,4458
1544,45,45,600500,2250,1747,0,0,637,2,5438,4479
1545,45,45,1598251,6750,6406,5090,18839,1436,3,8760,7661
1546,45,45,2070000,10350,9407,0,0,888,2,6771,5191
1547,45,45,2070000,10350,9732,0,0,888,2,7721,5849
1548,46,46,699200,3496,3249,0,0,589,2,4779,3533
1549,46,46,699200,3496,3110,0,0,948,2,7436,6365
1550,46,46,699200,3496,3231,0,0,948,2,6976,5930
1551,46,46,1865886,8234,7491,18225,25930,1754,4,10944,9732
1552,46,47,2154661,8389,7767,15937,7241,888,2,6872,5501
1553,46,46,1805350,7612,6859,418,43975,1123,3,8211,7248
1554,46,46,1631725,5888,5284,446,0,826,2,6514,5438
1555,46,46,511428,2300,2129,0,0,770,2,6332,5405
1556,46,46,207000,874,381,0,0,289,1,3677,2986
1557,47,46,1788434,7360,6261,1727,0,1620,4,12167,10397
1558,47,46,617500,2300,1757,0,0,679,2,5615,4337
1559,47,47,714400,3572,2847,0,0,898,2,6448,5455
1560,47,47,1642081,7050,6450,9437,18913,1605,4,10449,9090
1561,47,46,1604832,5888,5287,169,0,826,2,5499,4606
1562,47,47,1959851,8401,6895,4324,42659,1558,4,9824,8590
1563,47,47,2267265,7943,7486,6677,89632,1605,4,11607,10185
1564,47,47,1677356,7050,6692,6438,21421,1546,4,10626,9479
1565,47,47,2039800,8225,7485,27946,0,862,2,6679,5473
1566,47,47,2039800,8225,7583,40569,0,862,2,5994,5135
1567,47,47,897324,3289,3090,0,0,977,2,6835,5581
1568,47,45,202500,855,385,0,0,289,1,3813,3048
1569,48,48,1956960,7680,7288,7102,417,1626,4,10832,9503
1570,48,47,1795190,7427,7061,3605,6016,1123,3,8314,7205
1571,48,48,1956860,7679,7342,16456,19662,1626,4,13164,10873
1572,48,48,641000,2400,2134,0,0,541,2,4841,3611
1573,48,48,1887524,7944,7395,482,11828,1201,3,8905,7950
1574,48,48,2261341,8112,7386,10665,44602,1605,4,10709,9213
1575,48,48,1660800,6864,6423,3298,0,1290,3,9288,8556
1576,49,48,1833360,7583,7029,2608,58,1123,3,7921,6802
1577,49,47,1827313,7499,6666,729,0,1620,4,10779,9185
1578,49,49,862890,3430,3165,0,0,775,2,6122,4926
1579,49,49,862890,3430,2769,0,0,406,1,4206,3124
1580,49,49,862890,3430,2522,0,0,406,1,4283,2945
1581,49,49,658000,2450,1877,0,0,845,2,7125,5865
1582,49,47,631000,2350,2083,0,0,679,2,6114,4972
1583,49,49,744800,3724,2747,0,0,898,2,7919,6580
1584,49,49,1975044,8098,7447,1648,6423,1546,4,11230,10051
1585,49,49,2182461,8759,7755,4512,10884,991,2,7262,6059
1586,49,48,1660800,6864,6315,21866,0,1605,4,11826,10533
1587,49,49,490000,2450,2193,0,0,809,2,7055,5675
1588,50,50,548134,2500,2024,0,0,385,1,3624,2797
1589,50,50,671500,2500,2016,0,0,250,1,3300,2154
1590,50,50,671500,2500,1892,0,0,250,1,3402,2153
1591,50,50,931665,3500,2878,0,0,1013,3,8273,7058
1592,50,50,2044645,8288,5427,52536,3227,2405,5,15042,14069
1593,50,50,2170000,8750,7861,17156,0,957,2,6822,5912
1594,51,51,560826,2550,1858,0,0,385,1,3903,3189
1595,51,51,949310,3570,2245,0,0,1013,3,8101,6734
1596,51,50,664500,2500,1912,0,0,391,1,4596,3053
1597,51,51,775200,3876,3307,0,0,909,2,7290,6141
1598,51,51,1764600,7293,6809,7460,0,1452,3,11613,10486
1599,51,47,305500,1410,730,0,0,383,1,4423,3602
1600,51,46,299000,1380,758,0,0,383,1,4991,4252
1601,52,51,681500,2550,828,0,0,298,1,3389,2270
1602,52,52,695000,2600,1949,0,0,573,2,5510,4231
1603,52,52,698500,2600,1185,0,0,113,1,2321,1213
1604,52,52,691500,2600,1975,0,0,637,2,5633,4367
1605,52,51,681500,2550,787,0,0,298,1,3696,2687
1606,52,52,2168304,8620,7204,2650,16993,628,2,5687,4519
1607,52,52,2147744,8620,7769,759,34846,853,2,7254,5738
1608,52,52,2256800,9100,8402,30930,0,1014,3,8380,7428
1609,52,52,1799200,7436,6899,4387,0,541,2,5024,4177
1610,52,52,578136,2600,1759,0,0,488,1,4852,3710
1611,52,52,578136,2600,1671,0,0,488,1,4873,3868
1612,52,49,78400,392,348,0,0,180,1,2986,2516
1613,52,51,81600,408,321,0,0,221,1,3581,3117
1614,52,52,104000,416,385,0,0,277,1,4148,3385
1615,52,51,81600,408,312,0,0,180,1,3084,2471
1616,52,49,78400,392,346,0,0,221,1,3414,2778
1617,52,52,83200,416,250,0,0,218,1,3462,2760
1618,52,52,104000,416,345,0,0,259,1,4029,3116
1619,52,52,83200,416,242,0,0,218,1,3819,3291
1620,52,51,102000,408,356,0,0,259,1,3657,2947
1621,53,51,898110,3570,3095,0,0,1085,3,7895,6560
1622,53,53,712000,2650,1249,0,0,113,1,2546,1430
1623,53,52,702000,2600,2314,0,0,771,2,7491,6183
1624,53,53,1942938,8774,7770,7890,8660,2405,5,17289,16036
1625,53,53,1011876,3710,3288,0,0,73,1,2158,916
1626,53,53,589254,2650,2218,0,0,359,1,4057,3045
1627,53,52,578136,2600,2043,0,0,359,1,3858,2716
1628,54,54,729000,2700,2274,0,0,834,2,8810,6868
1629,54,54,820800,4104,3739,0,0,909,2,8738,7312
1630,54,54,2245544,9666,8320,3000,62158,991,2,8187,7195
1631,54,54,2361377,9654,8865,10033,9054,862,2,7927,6507
1632,54,54,1868400,7722,7356,22635,0,1199,3,10515,9041
1633,54,54,1868400,7722,6379,10330,0,836,2,7213,6272
1634,54,52,1799200,7436,6864,2684,0,1062,3,7714,6774
1635,54,54,1620000,8100,7563,0,0,602,2,5787,4600
1636,54,54,1620000,8100,7396,0,0,602,2,5794,4381
1637,54,53,106000,424,377,0,0,277,1,4226,3411
1638,55,55,2736800,10429,9463,9093,3993,1199,3,9443,7994
1639,55,55,968550,3850,3151,0,0,196,1,3317,2166
1640,55,55,968550,3850,2931,0,0,196,1,3262,2063
1641,55,55,742500,2750,1957,0,0,604,2,5967,4701
1642,55,54,729000,2700,1836,0,0,604,2,5968,4775
1643,55,54,1960481,8100,6807,991,0,804,2,7175,6040
1644,55,55,2281919,8986,8408,7774,49046,862,2,7452,6043
1645,55,54,1933391,8100,7154,509,0,804,2,6551,5577
1646,55,54,1868400,7722,7434,18724,0,1436,3,11797,10804
1647,56,56,2786560,10598,10174,18819,36350,1199,3,10956,9266
1648,56,56,756000,2800,1970,0,0,845,2,8538,7022
1649,56,56,749000,2800,2215,0,0,313,1,4005,2687
1650,56,56,756000,2800,2485,0,0,771,2,7122,5774
1651,56,56,749000,2800,1516,0,0,260,1,3620,2319
1652,56,56,749000,2800,2138,0,0,313,1,4176,2938
1653,56,55,742500,2750,2455,0,0,911,2,9153,7256
1654,56,56,749000,2800,1440,0,0,260,1,3459,2378
1655,56,56,745500,2800,2470,0,0,411,1,5250,3772
1656,56,56,2281158,9284,6757,66,0,524,2,4969,3842
1657,56,56,2256624,9284,7746,5161,0,524,2,5301,4221
1658,56,56,2266106,9200,8156,2767,21104,862,2,7981,6596
1659,56,57,2304809,10203,9127,655,16729,628,2,6043,4752
1660,56,58,2006800,8294,7547,21072,0,819,2,7646,6538
1661,56,56,1937600,8008,7652,19984,0,1436,3,10422,9538
1662,56,55,2387000,9625,8998,6138,0,1506,4,11045,10040
1663,56,55,1903000,7865,7596,22565,0,1062,3,8756,7837
1664,56,56,2053200,10080,8093,0,0,846,2,7650,6518
1665,56,56,2053200,10080,9464,0,0,846,2,7291,6116
1666,56,56,622608,2800,2258,0,0,456,1,4908,3666
1667,56,55,611490,2750,2259,0,0,456,1,4928,3870
1668,56,56,622608,2800,2414,0,0,679,2,6721,5439
1669,56,56,89600,448,264,0,0,283,1,4650,3997
1670,56,56,89600,448,247,0,0,283,1,4967,4173
1671,57,57,759000,2850,2603,0,0,411,1,6026,4465
1672,57,57,2537143,10191,8385,468,4591,862,2,8034,6697
1673,57,57,1972200,8151,7873,26489,0,1754,4,13473,12057
1674,57,56,1937600,8008,6700,10150,0,639,2,5925,5020
1675,57,57,1710000,8550,7902,0,0,680,2,7435,5574
1676,57,57,2063400,10260,9398,0,0,888,2,8131,6522
1677,57,57,633726,2850,2116,0,0,230,1,3628,2361
1678,57,57,633726,2850,2581,0,0,679,2,7318,5874
1679,58,57,2131800,8550,7738,0,0,1754,4,15159,13613
1680,58,57,2131800,8550,7713,0,0,1754,4,13214,11857
1681,58,57,1704300,6268,5771,574,0,391,1,4901,3714
1682,58,57,1704300,6267,5631,14660,1866,391,1,4712,3375
1683,58,58,1021380,4060,3687,0,0,533,2,6287,4895
1684,58,57,866400,4332,3772,0,0,73,1,2586,1004
1685,58,58,1082880,4408,4104,0,0,391,1,5074,3693
1686,58,58,1076555,4052,2578,0,0,737,2,7001,5698
1687,58,58,1082880,4408,3746,0,0,391,1,5026,3388
1688,58,58,2067995,7424,6906,4198,45939,991,2,8997,7920
1689,58,58,2172192,9604,8272,388,7861,628,2,6236,4893
1690,58,58,2517200,10150,9769,11838,0,770,2,6494,5427
1691,58,58,2006800,8294,7503,12709,0,541,2,5056,4043
1692,58,58,1740000,8700,8258,0,0,680,2,6539,5231
1693,58,59,655962,2950,2362,0,0,230,1,3783,2394
1694,58,58,644844,2900,2640,0,0,770,2,7145,5745
1695,59,59,2380000,9440,8248,2772,24115,1709,4,13841,12315
1696,59,56,2257900,8960,8000,1876,171,1558,4,14806,12329
1697,59,58,772500,2900,2554,0,0,852,2,8107,6675
1698,59,59,786000,2950,2615,0,0,517,2,5847,4484
1699,59,59,2073162,7552,5383,1582,0,455,1,5161,3867
1700,59,59,2041922,7552,6189,6867,17941,455,1,5016,3876
1701,59,60,2648637,10740,9954,3784,37158,888,2,9564,7626
1702,59,59,2145600,10620,9470,0,0,1069,3,10453,8838
1703,59,59,2714000,13570,11739,0,0,862,2,8328,6792
1704,59,59,2714000,13570,12093,0,0,1546,4,12421,10955
1705,59,59,2714000,13570,12625,0,0,862,2,8465,6953
1706,59,59,2138400,10620,9957,0,0,862,2,8505,6554
1707,59,59,2135800,10620,9401,0,0,628,2,6297,5165
1708,59,59,2124000,10620,9995,0,0,888,2,9123,7349
1709,59,59,655962,2950,2200,0,0,576,2,6304,4929
1710,59,59,655962,2950,2374,0,0,576,2,6493,5029
1711,60,60,2420400,9600,8320,2826,6142,602,2,6931,5169
1712,60,60,2420500,9600,7971,7877,9307,1709,4,15395,13558
1713,60,60,2421900,9600,8619,646,3503,602,2,6345,4832
1714,60,59,1094295,4121,1761,0,0,737,2,7735,6194
1715,60,59,789500,2950,2436,0,0,563,2,6413,4997
1716,60,60,799500,3000,2397,0,0,852,2,9183,7736
1717,60,60,799500,3000,2645,0,0,517,2,6267,4689
1718,60,59,1093740,4130,3386,0,0,353,1,5173,3230
1719,60,59,789500,2950,2410,0,0,563,2,6731,5191
1720,60,60,1115305,4200,3171,0,0,438,1,6407,4171
1721,60,59,1093740,4130,3310,0,0,353,1,4705,3055
1722,60,60,1116305,4200,3196,0,0,438,1,5353,3649
1723,60,59,2571316,10561,10011,4761,12668,1754,4,15537,13970
1724,60,61,2557601,10919,9290,821,11749,628,2,6760,5305
1725,60,60,2196000,10800,9170,0,0,1069,3,9390,7943
1726,60,60,2179200,10800,9390,0,0,628,2,6778,5335
1727,60,60,2179200,10800,10202,0,0,862,2,9072,7043
1728,60,60,2187600,10800,10040,0,0,967,2,9752,7989
1729,60,60,2202000,10800,9769,0,0,628,2,6533,5034
1730,60,60,2760000,13800,13187,0,0,1546,4,14070,12267
1731,60,60,2168400,10800,10251,0,0,967,2,9190,7191
1732,60,60,2184000,10800,9627,0,0,628,2,6427,4960
1733,60,60,667080,3000,2567,0,0,303,1,4094,2838
1734,60,60,667080,3000,2625,0,0,303,1,4570,3216
1735,61,61,3153700,11407,10642,425,2746,1558,4,13170,11634
1736,61,61,2110600,8723,8200,33657,0,1154,3,10942,9927
1737,61,61,2110600,8723,7814,10426,0,957,2,9232,7871
1738,61,61,2110600,8723,7995,47936,0,1024,3,10544,9049
1739,62,62,1091820,4340,3905,0,0,770,2,8358,6969
1740,62,62,2145200,8866,8179,45759,0,1754,4,16688,14982
1741,62,61,1074210,4270,3039,0,0,230,1,3655,2370
1742,62,62,826500,3100,2909,0,0,639,2,7457,6016
1743,63,62,1091820,4340,3257,0,0,230,1,3752,2471
1744,63,63,2734200,11025,10585,21268,0,1506,4,13603,12493
1745,64,63,700434,3150,2600,0,0,212,1,4094,2624
1746,65,65,2676111,11635,10685,1025,0,1620,4,16624,14488
1747,65,64,711552,3200,2586,0,0,212,1,3952,2481
1748,65,65,2562393,10706,9640,24015,58720,1605,4,14802,12718
1749,65,65,870500,3250,2787,0,0,624,2,7755,6097
1750,65,65,870500,3250,2393,0,0,624,2,7147,5628
1751,65,65,2798345,11623,10852,5354,16114,1452,3,12592,11072
1752,66,66,2284539,8448,7912,2863,18908,991,2,9333,8050
1753,66,66,2564434,10896,10280,4503,4994,862,2,9714,7957
1754,66,66,2864400,11550,10749,20291,0,602,2,6516,5257
1755,67,67,887000,3350,2710,0,0,844,2,9747,8099
1756,68,68,914500,3400,2496,0,0,212,1,4257,2572
1757,69,69,928000,3450,2345,0,0,212,1,4407,2788
1758,69,69,2422024,10350,8437,4010,16659,967,2,10714,9054
1759,70,70,2479722,8960,8081,3928,11047,680,2,7644,6334
1760,70,70,2509842,10500,9050,10734,21223,967,2,10235,8327
1761,71,69,2387400,9867,8701,21837,0,1605,4,14862,13226
1762,71,70,3038000,12250,9871,4411,0,602,2,7271,6031
1763,71,71,2456600,10153,9408,10688,0,896,2,9140,7858
1764,72,72,2842252,11940,11333,12356,51072,1754,4,16654,15000
1765,72,72,800496,3600,3000,0,0,300,1,5151,3392
1766,73,72,800496,3600,2544,0,0,516,2,7135,5576
1767,73,74,2560400,10582,9909,35022,0,883,2,10274,8960
1768,73,73,3168200,12775,11877,13999,0,853,2,9541,8008
1769,74,74,822732,3700,2893,0,0,516,2,7151,5351
1770,74,74,3211600,12950,9705,35520,0,957,2,10998,9572
1771,74,74,2560400,10582,8844,5058,0,495,1,6720,5525
1772,75,74,1412808,5180,4391,0,0,391,1,6650,4368
1773,75,74,2560400,10582,10120,39030,0,1452,3,14007,12594
1774,75,75,833850,3750,2700,0,0,300,1,5668,3922
1775,75,77,2664200,11011,8432,12305,0,495,1,6594,5183
1776,76,77,3341800,13475,12212,24442,0,991,2,12007,10619
1777,76,76,2629600,10868,10296,5589,0,794,2,9672,8363
1778,76,76,3298400,13300,12180,55543,0,1024,3,12726,11073
1779,77,77,1022000,3850,2362,0,0,627,2,9083,7266
1780,77,77,3066530,12770,11953,440,0,1620,4,16800,14968
1781,78,78,124800,624,530,0,0,179,1,4958,4024
1782,78,77,346500,1463,236,0,0,109,1,3589,2369
1783,78,76,342000,1444,231,0,0,109,1,3539,2327
1784,78,78,124800,624,506,0,0,179,1,4687,3711
1785,79,80,2768000,11440,10611,40512,0,991,2,11376,9848
1786,79,79,2733400,11297,10537,10486,0,896,2,11383,9992
1787,79,79,2733400,11297,10387,9139,0,349,1,5485,4293
1788,79,79,3748820,14122,12319,45174,0,1024,3,12031,9909
1789,79,79,3212346,12946,11879,4464,725,862,2,10623,8866
1790,79,79,2690307,11850,11062,637,6051,846,2,10578,8668
1791,79,79,3748820,14122,12963,3157,3212,1024,3,13505,11562
1792,80,79,2866677,11850,10909,1578,16856,846,2,10666,9055
1793,80,80,3444138,14296,12461,3603,26727,862,2,11873,9325
1794,80,80,2924400,14400,13523,0,0,1476,3,18690,16280
1795,81,81,3092485,13434,12628,277,0,1620,4,20267,18071
1796,81,81,3585830,14487,12784,18223,18816,967,2,11779,9493
1797,81,75,2732600,10500,9842,3553,7161,888,2,11295,9497
1798,81,81,1076000,4050,2780,0,0,627,2,9144,7132
1799,81,81,3322893,14487,12112,6730,52506,967,2,12797,10648
1800,81,81,2960400,14580,13293,0,0,1476,3,16036,14191
1801,82,79,2733400,11297,9579,15791,0,883,2,10528,9045
1802,82,76,2769800,10640,8618,1395,0,888,2,11205,8812
1803,82,82,2837200,11726,10664,4577,0,794,2,9649,8277
1804,82,82,3358421,14654,13447,455,0,1620,4,18108,15994
1805,82,82,3619205,14666,13890,37088,71452,862,2,11074,9106
1806,83,83,3653599,14821,13876,3708,16733,1452,3,18847,16479
1807,83,83,2871800,11869,9727,5786,0,349,1,5645,4250
1808,83,83,2871800,11869,10912,5342,0,850,2,11467,10030
1809,83,82,2837200,11726,10509,19869,0,977,2,11120,9585
1810,83,82,2837200,11726,10876,8337,0,850,2,10553,8889
1811,84,79,2733400,11297,10491,31623,0,1620,4,20187,17692
1812,84,85,2941000,12155,11440,13174,0,472,1,6689,5217
1813,84,84,2906400,12012,10802,2474,0,472,1,7622,6169
1814,84,82,3558800,14350,13559,10507,0,883,2,11232,9595
1815,84,85,2941000,12155,10038,25831,0,1491,3,16477,14799
1816,85,85,3689000,14875,14138,31675,0,1199,3,15822,13716
1817,85,85,1292000,6460,5933,0,0,391,1,7503,5253
1818,86,84,3429562,15036,13156,16135,33889,1605,4,18739,16083
1819,86,86,1119000,4300,3831,0,0,216,1,5188,3539
1820,86,85,2941000,12155,11518,6941,0,770,2,9653,8077
1821,86,86,1119000,4300,3801,0,0,216,1,5406,3299
1822,86,86,2975600,12298,11793,26897,0,1546,4,19567,17827
1823,86,84,3123876,12441,9926,0,0,967,2,13094,11154
1824,86,84,3123876,12441,11057,0,0,967,2,12038,9940
1825,86,86,3732400,15050,13995,23828,0,1546,4,17925,16032
1826,87,86,2975600,12298,11708,48139,0,1014,3,13740,12221
1827,89,89,1191000,4450,3407,0,0,458,1,8273,6001
1828,89,88,3044800,12584,11541,24710,0,948,2,12352,10763
1829,89,88,3192000,11264,9410,1318,770,862,2,14129,10365
1830,89,89,1191000,4450,3526,0,0,458,1,8981,6703
1831,89,88,3819200,15400,13200,43786,0,1491,3,17204,15411
1832,90,88,1736240,6688,5376,534,15,773,2,11678,9603
1833,90,86,1738060,6641,5087,1560,6089,674,2,10060,7657
1834,90,88,1736240,6688,5171,639,0,773,2,10913,8849
1835,90,88,3191700,11264,9969,1832,584,862,2,12691,9784
1836,90,86,1738060,6656,5630,4,0,674,2,9912,8082
1837,91,91,3148600,13013,11998,25628,0,957,2,12669,10840
1838,92,90,1368000,6840,5911,0,0,73,1,4135,1873
1839,93,93,3168402,13950,13073,3662,40851,1024,3,14279,11689
1840,93,92,3711200,14720,12937,888,0,888,2,13588,10638
1841,93,92,3702300,14720,13418,9661,5603,888,2,14146,11673
1842,95,95,3287000,13585,12588,30015,0,1024,3,14537,12032
1843,96,96,4166400,16800,15853,31990,0,883,2,13195,11610
1844,97,98,3390800,14014,12290,18634,0,1014,3,13881,12072
1845,97,97,3356200,13871,13038,50293,0,967,2,15156,12980
1846,100,99,3425400,14157,12813,12117,0,1199,3,16717,14467
1847,100,100,1520000,7600,7063,0,0,1024,3,16347,13301
1848,101,101,4505434,18079,15891,10513,61258,1605,4,26047,22180
1849,101,101,1535200,7676,7262,0,0,1024,3,18472,15747
1850,101,100,1332500,5000,4373,0,0,844,2,14095,11619
1851,102,102,4047677,16740,13560,2803,29723,967,2,16236,13480
1852,103,101,3494600,14443,13754,25486,0,770,2,13160,11527
1853,103,102,3529200,14586,13816,45989,0,977,2,15780,14127
1854,104,104,3748875,15600,14717,8100,96308,1024,3,17901,15044
1855,105,105,3633000,15015,13849,23249,0,853,2,13647,11640
1856,106,106,3667600,15158,13592,8150,0,775,2,12506,10558
1857,108,108,3736800,15444,13584,6591,0,948,2,16181,14127
1858,108,108,1641600,8208,7633,0,0,391,1,10150,7066
1859,109,109,3771400,15587,14803,17680,0,775,2,13633,11719
1860,112,112,1972320,7840,6090,0,0,250,1,7719,5054
1861,113,113,1989930,7910,6129,0,0,250,1,7573,5265
1862,113,113,3909800,16159,14048,15210,0,909,2,16729,14503
1863,115,114,3944400,16302,15001,50091,0,895,2,16618,14549
1864,116,116,4840470,18992,15815,31358,33174,967,2,17179,13709
1865,120,120,4152000,17160,15625,36110,0,909,2,15589,13545
1866,121,117,4234700,16380,14255,0,0,592,2,12594,9404
1867,121,118,4276300,16520,14678,1,0,592,2,13118,10210
1868,123,121,5251400,21175,19851,28560,0,895,2,15950,13622
1869,125,124,4290400,17732,16528,36751,0,967,2,17821,14744
1870,129,128,5555200,22400,19734,43848,0,1491,3,28980,26297
1871,129,127,1697000,6350,5618,0,0,73,1,5910,2532
1872,130,129,4454689,19350,18031,19354,15182,862,2,18290,15176
1873,130,130,4498000,18590,17542,33389,0,680,2,14141,11728
1874,132,131,4532600,18733,17304,4682,0,853,2,17658,15410
1875,132,132,4567200,18876,17356,44521,0,680,2,15405,12896
1876,137,135,1801500,6750,5616,0,0,73,1,6039,2356
1877,137,137,5570046,22682,21180,5492,27574,1452,3,30778,27351
1878,138,138,2097600,10488,9952,0,0,862,2,19658,15907
1879,138,138,2097600,10488,9644,0,0,862,2,20777,16874
1880,142,141,4878600,20163,18123,9744,0,846,2,19026,16501
1881,142,142,4913200,20306,18540,18667,0,846,2,18061,15598
1882,144,142,5426740,22448,21790,18075,49923,1199,3,26305,22729
1883,145,145,5017000,20735,18725,92042,0,391,1,11740,9051
1884,145,143,4947800,20449,18170,29343,0,895,2,18938,16115
1885,146,145,5541250,22923,21215,14547,10815,1199,3,24814,21350
1886,147,146,5946599,24164,22682,28347,53760,1452,3,27707,24609
1887,151,149,5692430,23558,22113,8777,1159,680,2,16468,13496
1888,151,152,5806640,24026,22892,27440,12718,680,2,18583,14719
1889,152,150,6510000,26250,24270,62523,0,895,2,22252,19112
1890,153,151,5224600,21593,18575,35007,0,651,2,16417,13469
1891,158,158,5466800,22594,20414,57317,0,391,1,12106,9154
1892,163,159,5501400,22737,21532,45317,0,651,2,18506,15355
1893,165,164,5802202,24600,21654,12202,11290,862,2,22301,18641
1894,170,170,5882000,24310,23055,142094,0,862,2,22444,18811
1895,173,173,5985800,24739,23511,55050,0,862,2,24701,20327
1896,176,171,3199580,11970,7698,0,0,125,1,8963,5119
1897,178,174,3255800,12180,9173,0,0,125,1,8558,4771
1898,180,180,6228000,25740,24267,26103,0,533,2,18044,14790
1899,180,180,9306000,33660,30654,10717,119515,1337,3,37846,32669
1900,180,178,9202600,33286,30124,4059,34073,1337,3,33712,28726
1901,190,189,6539400,27027,24681,22029,0,533,2,16515,13269
1902,211,210,7266000,30030,27616,39128,0,602,2,21967,17990
1903,213,213,7369800,30459,27878,47129,0,602,2,20668,17082
1904,217,216,7473600,30888,28061,36027,0,628,2,22073,17909
1905,218,216,8854271,35808,33287,40711,118676,888,2,32847,27055
1906,231,227,11456600,41399,37440,6733,193,641,2,26311,20059
1907,231,227,9259504,37646,34857,66501,52128,888,2,32562,26103
1908,257,255,8823000,36465,31619,28035,0,628,2,27096,22502
1909,260,256,12957400,46828,43885,24641,11700,641,2,31553,24413