FLIGHT_ID,UNIQUE_CARRIER_ENTITY,ORIGIN_AIRPORT_ID,DEST_AIRPORT_ID,YEAR,AIRCRAFT_TYPE,CLASS
1,6673,12954,11292,2017,694,F
2,1006,11292,14771,2017,698,F
3,1006,14771,11292,2017,698,F
4,1126,11423,10325,2017,646,L
5,6081,11292,11315,2017,675,L
6,6081,11292,12389,2017,675,L
7,6081,11315,11292,2017,675,L
8,6081,11503,15016,2017,675,L
9,6081,15016,11503,2017,675,L
10,6081,12544,11503,2017,675,L
11,6055,10397,11292,2017,635,P
12,6055,11292,11996,2017,635,P
13,6035,11109,15570,2017,622,L
14,6035,12889,11109,2017,622,L
15,1150,10372,10800,2017,684,L
16,1150,10800,11503,2017,684,L
17,1150,11503,10800,2017,684,L
18,1150,14869,10372,2017,684,L
19,0A050,11292,14107,2017,699,L
20,0A050,14100,11292,2017,699,L
21,1260,10397,11109,2017,622,F
22,1260,10397,11292,2017,698,F
23,1260,10397,11292,2017,699,F
24,1260,11109,10397,2017,622,F
25,1260,11109,11298,2017,694,F
26,1260,11122,11292,2017,608,F
27,1260,11292,10397,2017,698,F
28,1260,11292,10397,2017,699,F
29,1260,11292,10397,2017,622,L
30,1260,11292,11193,2017,622,L
31,1260,11292,11433,2017,655,F
32,1260,11292,11775,2017,656,F
33,1260,11292,12889,2017,656,F
34,1260,11292,14679,2017,656,F
35,1260,11292,14869,2017,622,L
36,1260,11433,11292,2017,655,F
37,1260,13487,11292,2017,622,F
38,1260,13851,11292,2017,656,F
39,1260,14771,11292,2017,622,L
40,1260,14869,11292,2017,622,L
41,6690,10529,11292,2017,614,L
42,6690,11109,16091,2017,614,L
43,6690,13796,11109,2017,614,L
44,0A875,10558,11292,2017,698,F
45,0A875,11292,11042,2017,614,L
46,0A875,11292,12448,2017,614,F
47,0A875,11292,12892,2017,698,F
48,0A875,11292,13303,2017,634,F
49,0A875,11292,14524,2017,614,F
50,0A875,13341,11292,2017,634,L
51,10877,11292,14771,2017,887,F
52,6725,11109,11292,2017,612,F
53,6725,11233,11292,2017,612,F
54,6725,11233,11292,2017,614,F
55,6725,11259,11109,2017,612,F
56,6725,11292,10792,2017,612,F
57,6725,11292,11140,2017,614,F
58,6725,11292,11481,2017,614,F
59,6725,11292,11973,2017,612,F
60,6725,11292,11996,2017,612,F
61,6725,11292,12896,2017,612,F
62,6725,11292,12992,2017,614,F
63,6725,14831,11109,2017,612,F
64,11033,11109,11292,2017,614,F
65,1194,10325,10423,2017,515,L
66,1194,10325,13930,2017,515,L
67,1194,10325,14831,2017,688,L
68,1194,10423,10325,2017,515,L
69,1194,11066,10325,2017,688,L
70,1194,14792,10372,2017,515,L
71,16736,11292,12889,2017,625,L
72,1130,10466,11292,2017,617,L
73,1130,10747,11292,2017,617,L
74,1130,11292,13796,2017,617,L
75,1130,11292,14275,2017,617,L
76,1130,11292,14869,2017,617,L
77,1130,11563,11921,2017,617,L
78,1130,11921,11563,2017,617,L
79,1130,14576,11292,2017,617,L
80,1130,15370,11292,2017,617,L
81,6774,11292,13796,2017,635,P
82,6774,11376,11292,2017,635,P
83,1189,11292,13342,2017,669,L
84,1189,14570,11292,2017,669,L
85,6795,11292,10590,2017,614,L
86,6795,11719,10590,2017,614,L
87,6795,10590,11292,2017,614,L
88,6795,10590,11719,2017,614,L
89,6795,10590,13502,2017,614,L
90,6795,10590,14288,2017,614,L
91,6795,13502,10590,2017,614,L
92,6795,14288,10590,2017,614,L
93,6912,11840,14288,2017,681,P
94,6912,14288,13796,2017,681,P
95,6841,11193,11292,2017,617,P
96,6841,11292,11193,2017,617,P
97,6031,11109,11292,2017,634,F
98,6031,14747,11109,2017,634,F
99,6904,10558,11292,2017,675,F
100,6904,11292,13851,2017,675,F
101,6975,10325,11292,2017,456,F
102,6975,10558,11292,2017,456,F
103,6975,11283,11292,2017,456,F
104,6975,11292,10558,2017,456,F
105,6975,11292,11283,2017,456,F
106,6975,11292,11292,2017,456,F
107,6975,11292,11468,2017,456,F
108,6975,11292,12899,2017,456,F
109,6975,11292,12902,2017,456,F
110,6975,11468,11292,2017,456,F
111,6975,12899,11292,2017,456,F
112,6975,12902,10325,2017,456,F
113,6975,12902,11292,2017,456,F
114,6932,11292,14081,2017,405,F
115,6932,14288,11711,2017,405,F
116,1177,11292,11292,2017,479,F
117,6081,10558,11292,2017,675,F
118,6081,11292,10409,2017,675,F
119,6081,11292,12389,2017,675,F
120,6081,12389,11292,2017,675,F
121,6035,11921,12889,2017,698,F
122,6035,12889,11921,2017,698,F
123,0A050,11109,11292,2017,614,F
124,0A050,11109,11298,2017,614,F
125,0A050,11109,12278,2017,655,F
126,0A050,11292,10721,2017,699,F
127,0A050,11292,12892,2017,699,F
128,0A050,11292,12992,2017,614,F
129,0A050,13204,11292,2017,699,F
130,0A050,13930,11109,2017,614,F
131,0A050,14492,11292,2017,614,F
132,0A050,14771,11292,2017,699,F
133,0A050,14869,11109,2017,614,F
134,1260,11292,12892,2017,608,F
135,1260,11292,13487,2017,608,F
136,1260,11292,13487,2017,694,F
137,1260,11292,14869,2017,614,F
138,1260,11433,11292,2017,614,F
139,1260,13487,11292,2017,608,F
140,1260,13487,11292,2017,694,F
141,7041,11292,15370,2017,631,F
142,7041,11986,11292,2017,631,F
143,6700,11097,11292,2017,629,F
144,6700,11109,12992,2017,629,F
145,6700,11109,13486,2017,629,F
146,6700,11109,15376,2017,629,F
147,6700,11122,11292,2017,629,F
148,6700,11278,11109,2017,673,F
149,6700,11292,10140,2017,631,F
150,6700,11292,10397,2017,631,F
151,6700,11292,10423,2017,673,F
152,6700,11292,11003,2017,673,F
153,6700,11292,11097,2017,629,F
154,6700,11292,11122,2017,629,F
155,6700,11292,11298,2017,631,F
156,6700,11292,11986,2017,673,F
157,6700,11292,12266,2017,673,F
158,6700,11292,12441,2017,631,F
159,6700,11292,12992,2017,631,F
160,6700,11292,13264,2017,631,F
161,6700,11292,13871,2017,631,F
162,6700,11292,13930,2017,673,F
163,6700,11292,14489,2017,629,F
164,6700,11292,14679,2017,673,F
165,6700,11292,14730,2017,629,F
166,6700,11292,14771,2017,629,F
167,6700,11292,14771,2017,631,F
168,6700,11292,14908,2017,631,F
169,6700,11292,15041,2017,673,F
170,6700,11298,11109,2017,673,F
171,6700,11921,12892,2017,631,F
172,6700,12266,11292,2017,629,F
173,6700,12441,11292,2017,631,F
174,6700,12888,11292,2017,673,F
175,6700,12892,11292,2017,631,F
176,6700,12992,11292,2017,673,F
177,6700,13264,11292,2017,631,F
178,6700,13486,11109,2017,629,F
179,6700,13930,11292,2017,673,F
180,6700,14057,11292,2017,673,F
181,6700,14252,11921,2017,629,F
182,6700,14679,11292,2017,631,F
183,6700,14683,11292,2017,673,F
184,6700,14794,11109,2017,629,F
185,6700,14893,11292,2017,631,F
186,6700,14908,11292,2017,631,F
187,0A875,10140,11292,2017,694,F
188,0A875,10529,11292,2017,614,F
189,0A875,10721,11292,2017,698,F
190,0A875,10849,11292,2017,694,F
191,0A875,11292,10140,2017,694,F
192,0A875,11292,10620,2017,634,F
193,0A875,11292,10721,2017,694,F
194,0A875,11292,10849,2017,694,F
195,0A875,11292,11193,2017,694,F
196,0A875,11292,11433,2017,698,F
197,0A875,11292,11697,2017,698,F
198,0A875,11292,12264,2017,624,F
199,0A875,11292,12266,2017,626,F
200,0A875,11292,12889,2017,698,F
201,0A875,11292,13198,2017,614,F
202,0A875,11292,13204,2017,698,F
203,0A875,11292,13930,2017,698,F
204,0A875,11292,14100,2017,694,F
205,0A875,11292,14262,2017,614,F
206,0A875,11292,14524,2017,694,F
207,0A875,11292,14570,2017,614,F
208,0A875,11292,14869,2017,698,F
209,0A875,11292,15016,2017,614,F
210,0A875,11292,15016,2017,698,F
211,0A875,11292,15370,2017,614,F
212,0A875,12264,11292,2017,624,F
213,0A875,12266,11292,2017,622,F
214,0A875,12266,11292,2017,626,F
215,0A875,13198,11292,2017,614,F
216,0A875,13204,11292,2017,622,F
217,0A875,14262,11292,2017,614,F
218,0A875,14262,11292,2017,634,F
219,0A875,14524,11292,2017,694,F
220,0A875,14570,11292,2017,614,F
221,0A875,14683,11292,2017,694,F
222,0A875,14689,11292,2017,694,F
223,0A875,14771,11292,2017,622,F
224,0A875,14771,11292,2017,637,F
225,0A875,14908,11292,2017,614,F
226,0A875,15016,11292,2017,614,F
227,0A875,15016,11292,2017,698,F
228,0A875,15370,11292,2017,614,F
229,6725,10994,11292,2017,619,F
230,6725,11042,11292,2017,619,F
231,6725,11292,10140,2017,619,F
232,6725,11292,10713,2017,619,F
233,6725,11292,11433,2017,619,F
234,6725,11292,11986,2017,619,F
235,6725,11292,13342,2017,619,F
236,6725,11292,14057,2017,619,F
237,6725,11292,14100,2017,619,F
238,6725,11292,14570,2017,619,F
239,6725,11292,14635,2017,614,F
240,6725,11292,15370,2017,619,F
241,6725,11433,11292,2017,619,F
242,6725,11986,11292,2017,619,F
243,6725,13495,11292,2017,614,F
244,6725,14122,11292,2017,619,F
245,6725,14570,11292,2017,619,F
246,6725,14635,11292,2017,614,F
247,6725,14893,11292,2017,619,F
248,6003,10397,11292,2017,673,F
249,6003,11109,11292,2017,673,F
250,6003,11292,11042,2017,673,F
251,6003,11292,11109,2017,673,F
252,6003,11292,11423,2017,677,F
253,6003,11292,12278,2017,677,F
254,6003,11292,13871,2017,673,F
255,6003,11292,14869,2017,673,F
256,6003,12278,11292,2017,677,F
257,6003,14730,11292,2017,673,F
258,6003,15370,11292,2017,673,F
259,6460,11193,11292,2017,698,F
260,6460,11292,11066,2017,698,F
261,6460,11292,11433,2017,698,F
262,6460,11292,12266,2017,694,F
263,6460,11292,12339,2017,698,F
264,6460,11292,13204,2017,694,F
265,6460,11292,13204,2017,698,F
266,6460,11292,13486,2017,694,F
267,6460,11292,13930,2017,694,F
268,6460,11292,13930,2017,698,F
269,6460,11292,14107,2017,694,F
270,6460,11292,15016,2017,694,F
271,6460,11292,15412,2017,694,F
272,6460,11433,11292,2017,698,F
273,6460,12264,11292,2017,694,F
274,6460,12266,11292,2017,694,F
275,6460,12339,11292,2017,698,F
276,6460,13204,11292,2017,694,F
277,6460,13486,11292,2017,694,F
278,6460,13930,11292,2017,694,F
279,6460,14107,11292,2017,694,F
280,6460,15016,11292,2017,694,F
281,6460,15304,11292,2017,694,F
282,6460,15412,11292,2017,694,F
283,6200,11292,11298,2017,691,G
284,6200,11292,12339,2017,730,G
285,6200,11292,13198,2017,691,G
286,6200,11292,13495,2017,691,G
287,6200,11292,14869,2017,691,G
288,6200,11292,15376,2017,691,G
289,6200,11921,14869,2017,691,G
290,6200,12339,11292,2017,730,G
291,6200,13198,11292,2017,740,G
292,6200,13244,11921,2017,691,G
293,6200,13796,11292,2017,740,G
294,6830,11292,11433,2017,698,F
295,6830,12266,11292,2017,698,F
296,6689,13502,12891,2017,638,F
297,6904,11292,11413,2017,675,F
298,6904,11413,11292,2017,675,F
299,6904,11986,11292,2017,675,F
300,6820,11298,13502,2017,675,F
301,6820,13502,11298,2017,675,F
302,6932,11292,14877,2017,405,F
303,6932,14877,11292,2017,405,F
304,6085,11109,15016,2017,675,F
305,6085,11292,11109,2017,675,F
306,6085,12266,11292,2017,675,F
307,6085,12266,12012,2017,675,F
308,6910,11292,10559,2017,622,G
309,6910,11292,12889,2017,691,G
310,6910,11292,14730,2017,622,G
311,6910,14869,11292,2017,622,G
312,6910,14869,11292,2017,691,G
313,0A050,11292,14057,2017,694,F
314,0A050,12892,11292,2017,699,F
315,0A050,14100,11292,2017,694,F
316,1260,11292,13487,2017,698,F
317,1260,11292,13487,2017,888,F
318,1260,14869,11292,2017,614,F
319,7041,11292,11986,2017,631,F
320,7041,11423,11292,2017,631,F
321,6700,11109,11292,2017,631,F
322,6700,11292,11109,2017,631,F
323,6700,11292,11921,2017,673,F
324,6700,11292,12003,2017,673,F
325,6700,11292,14057,2017,673,F
326,6700,11292,14683,2017,673,F
327,6700,11638,11109,2017,629,F
328,6700,11921,10372,2017,631,F
329,6700,11921,11292,2017,673,F
330,6700,11921,11298,2017,631,F
331,6700,12003,11292,2017,673,F
332,6700,13930,11921,2017,631,F
333,6700,14679,11292,2017,673,F
334,6700,15919,11292,2017,631,F
335,0A875,10397,11292,2017,694,F
336,0A875,11193,11292,2017,694,F
337,0A875,11278,11292,2017,614,F
338,0A875,11292,10397,2017,694,F
339,0A875,11292,10721,2017,698,F
340,0A875,11292,11278,2017,614,F
341,0A875,11292,11884,2017,694,F
342,0A875,11292,12278,2017,614,F
343,0A875,11292,14492,2017,614,F
344,0A875,11292,14689,2017,694,F
345,0A875,11292,15304,2017,698,F
346,0A875,11292,15376,2017,694,F
347,0A875,11603,11292,2017,614,F
348,0A875,11618,11292,2017,698,F
349,0A875,11884,11292,2017,694,F
350,0A875,11986,11292,2017,694,F
351,0A875,12278,11292,2017,614,F
352,0A875,12889,11292,2017,698,F
353,0A875,15304,11292,2017,698,F
354,0A875,15376,11292,2017,694,F
355,6725,10713,11292,2017,619,F
356,6725,11292,10140,2017,614,F
357,6725,11292,10821,2017,619,F
358,6725,11292,10994,2017,619,F
359,6725,11292,11066,2017,619,F
360,6725,11292,11884,2017,619,F
361,6725,11292,14730,2017,619,F
362,6725,11292,14869,2017,619,F
363,6725,11884,11292,2017,619,F
364,6725,14057,11292,2017,619,F
365,6725,14679,11292,2017,619,F
366,6725,14747,11292,2017,619,F
367,6725,14831,11292,2017,619,F
368,6003,11066,11292,2017,673,F
369,6003,11292,10599,2017,673,F
370,6003,11292,11066,2017,673,F
371,6003,11292,13487,2017,677,F
372,6003,11292,15370,2017,673,F
373,6003,13851,11292,2017,677,F
374,6460,11292,13485,2017,698,F
375,6460,11292,13487,2017,694,F
376,6460,11292,14492,2017,694,F
377,6460,11292,14683,2017,694,F
378,6460,13485,11292,2017,698,F
379,6460,14492,11292,2017,694,F
380,6460,14683,11292,2017,694,F
381,6200,11292,10620,2017,622,G
382,6200,11292,11540,2017,691,G
383,7024,11193,11292,2017,638,F
384,7024,11292,11193,2017,638,F
385,6910,11292,14869,2017,622,G
386,0A050,11298,11292,2017,614,F
387,7041,10849,11292,2017,631,F
388,7041,11292,10849,2017,631,F
389,7041,11292,13487,2017,631,F
390,7041,11292,14730,2017,631,F
391,7041,13367,11292,2017,631,F
392,7041,14730,11292,2017,631,F
393,6700,10140,11292,2017,631,F
394,6700,10279,11292,2017,629,F
395,6700,10849,11292,2017,631,F
396,6700,11292,10279,2017,629,F
397,6700,11292,10849,2017,631,F
398,6700,11292,11193,2017,673,F
399,6700,11292,11267,2017,673,F
400,6700,11292,11986,2017,631,F
401,6700,11292,12896,2017,629,F
402,6700,11292,13502,2017,629,F
403,6700,11292,13891,2017,629,F
404,6700,11292,14107,2017,631,F
405,6700,11292,14262,2017,629,F
406,6700,11292,14489,2017,631,F
407,6700,11292,14683,2017,631,F
408,6700,11292,15370,2017,631,F
409,6700,11423,11292,2017,629,F
410,6700,12892,11921,2017,631,F
411,6700,12896,11292,2017,629,F
412,6700,13502,11292,2017,629,F
413,6700,13891,11292,2017,629,F
414,6700,14107,11292,2017,631,F
415,6700,14457,11292,2017,631,F
416,0A875,10800,11292,2017,614,F
417,0A875,10821,11292,2017,698,F
418,0A875,11057,11292,2017,614,F
419,0A875,11292,10397,2017,698,F
420,0A875,11292,11618,2017,698,F
421,0A875,11292,13198,2017,634,F
422,0A875,11292,14262,2017,694,F
423,0A875,13851,11292,2017,614,F
424,0A875,13930,11292,2017,698,F
425,0A875,14262,11292,2017,694,F
426,0A875,14492,11292,2017,614,F
427,6725,10140,11292,2017,619,F
428,6725,10257,11292,2017,614,F
429,6725,10397,11292,2017,619,F
430,6725,10529,11292,2017,612,F
431,6725,11292,10994,2017,614,F
432,6725,11292,12339,2017,619,F
433,6725,11292,12954,2017,619,F
434,6725,11292,13198,2017,619,F
435,6725,11292,13495,2017,614,F
436,6725,11292,13495,2017,619,F
437,6725,11292,13871,2017,619,F
438,6725,11292,13891,2017,619,F
439,6725,11292,13931,2017,612,F
440,6725,11292,14683,2017,614,F
441,6725,11292,14747,2017,619,F
442,6725,11292,14831,2017,619,F
443,6725,11292,14893,2017,619,F
444,6725,11292,15376,2017,619,F
445,6725,12339,11292,2017,619,F
446,6725,12954,11292,2017,619,F
447,6725,13495,11292,2017,619,F
448,6725,13871,11292,2017,619,F
449,6725,13891,11292,2017,619,F
450,6725,13931,11292,2017,614,F
451,6003,10140,11292,2017,673,F
452,6003,10599,11292,2017,673,F
453,6003,11042,11292,2017,677,F
454,6003,11292,10140,2017,673,F
455,6003,11292,10693,2017,673,F
456,6003,11292,11540,2017,677,F
457,6003,11292,13244,2017,677,F
458,6003,11292,13851,2017,673,F
459,6003,11292,15919,2017,677,F
460,6003,11298,11292,2017,677,F
461,6003,11423,11292,2017,673,F
462,6003,13244,11292,2017,673,F
463,6003,13487,11292,2017,677,F
464,6003,13495,11292,2017,677,F
465,6003,13871,11292,2017,677,F
466,6003,14683,11292,2017,677,F
467,6003,15919,11292,2017,677,F
468,6460,11003,11292,2017,698,F
469,6460,11292,11003,2017,698,F
470,6460,11292,12339,2017,699,F
471,6460,12339,11292,2017,699,F
472,6460,13487,11292,2017,694,F
473,6904,10620,11292,2017,675,F
474,6904,11292,10620,2017,675,F
475,6904,11292,14783,2017,675,F
476,6904,11292,14814,2017,675,F
477,6904,11292,15376,2017,675,F
478,6904,13198,11292,2017,675,F
479,6904,14814,11292,2017,675,F
480,6904,15376,11292,2017,675,F
481,6085,13930,11109,2017,675,F
482,6910,13891,11292,2017,622,G
483,1131,11921,12892,2017,673,F
484,1131,12892,11921,2017,673,F
485,0A050,11292,11298,2017,655,F
486,0A050,11298,11292,2017,655,F
487,7041,10140,11292,2017,631,F
488,7041,11292,10140,2017,631,F
489,7041,11292,11298,2017,631,F
490,7041,11298,11292,2017,631,F
491,6700,11292,11884,2017,629,F
492,6700,11292,13486,2017,673,F
493,6700,11292,13487,2017,673,F
494,6700,11292,14783,2017,631,F
495,6700,11413,12892,2017,631,F
496,6700,11884,11292,2017,629,F
497,6700,12892,11413,2017,631,F
498,6700,13198,11292,2017,629,F
499,6700,13486,11292,2017,673,F
500,6700,13487,11292,2017,673,F
501,6700,13871,11292,2017,629,F
502,6700,14783,11292,2017,631,F
503,0A875,10397,11292,2017,698,F
504,0A875,10849,11292,2017,634,F
505,0A875,11003,11292,2017,694,F
506,0A875,11066,11292,2017,614,F
507,0A875,11066,11292,2017,694,F
508,0A875,11193,11292,2017,698,F
509,0A875,11292,10713,2017,694,F
510,0A875,11292,10849,2017,634,F
511,0A875,11292,11057,2017,614,F
512,0A875,11292,11066,2017,614,F
513,0A875,11292,11066,2017,694,F
514,0A875,11292,11603,2017,614,F
515,0A875,11292,11648,2017,694,F
516,0A875,11292,12982,2017,622,F
517,0A875,11292,13485,2017,614,F
518,0A875,11292,13495,2017,698,F
519,0A875,11292,14100,2017,614,F
520,0A875,11292,14100,2017,698,F
521,0A875,11292,14570,2017,634,F
522,0A875,11292,14771,2017,637,F
523,0A875,11433,11292,2017,634,F
524,0A875,11648,11292,2017,694,F
525,0A875,12982,11292,2017,622,F
526,0A875,13485,11292,2017,614,F
527,0A875,14570,11292,2017,634,F
528,6725,10140,11292,2017,614,F
529,6725,10994,11292,2017,614,F
530,6725,11292,10423,2017,619,F
531,6725,11292,13931,2017,614,F
532,6725,11292,14679,2017,619,F
533,6725,11292,14683,2017,619,F
534,6725,11292,14831,2017,614,F
535,6725,13342,11292,2017,619,F
536,6725,13487,11292,2017,619,F
537,6725,13931,11292,2017,612,F
538,6725,14683,11292,2017,614,F
539,6725,14869,11292,2017,619,F
540,6725,15376,11292,2017,619,F
541,6003,11292,12339,2017,673,F
542,6003,11292,14683,2017,677,F
543,6003,11540,11292,2017,677,F
544,6003,14869,11292,2017,673,F
545,6460,11292,13342,2017,694,F
546,6460,11292,14908,2017,698,F
547,6460,13342,11292,2017,694,F
548,6460,14908,11292,2017,698,F
549,6795,11292,13487,2017,614,F
550,6904,11292,12278,2017,675,F
551,6904,12278,11292,2017,675,F
552,6820,13502,13930,2017,631,F
553,6820,13930,13502,2017,631,F
554,6910,11292,10800,2017,691,G
555,6910,11292,14730,2017,691,G
556,6910,11292,14869,2017,626,G
557,6910,14869,11292,2017,626,G
558,7041,11292,11003,2017,631,F
559,7041,11292,12339,2017,631,F
560,7041,12339,11292,2017,631,F
561,6700,10620,11292,2017,629,F
562,6700,11292,10397,2017,673,F
563,6700,11292,10620,2017,629,F
564,6700,11292,11042,2017,673,F
565,6700,11292,11413,2017,631,F
566,6700,11292,11648,2017,631,F
567,6700,11292,12278,2017,673,F
568,6700,11292,13198,2017,629,F
569,6700,11292,13244,2017,631,F
570,6700,11292,13433,2017,631,F
571,6700,11292,13871,2017,629,F
572,6700,11292,14689,2017,629,F
573,6700,11413,11292,2017,631,F
574,6700,13198,11292,2017,631,F
575,6700,13244,11292,2017,673,F
576,6700,14262,11292,2017,629,F
577,6700,14869,11292,2017,631,F
578,0A875,10713,11292,2017,694,F
579,0A875,11057,11292,2017,634,F
580,0A875,11292,10821,2017,698,F
581,0A875,11292,11003,2017,694,F
582,0A875,11292,11057,2017,634,F
583,0A875,11292,11193,2017,698,F
584,0A875,11292,11618,2017,627,F
585,0A875,11292,11884,2017,698,F
586,0A875,11292,13264,2017,694,F
587,0A875,11292,13891,2017,694,F
588,0A875,11292,14831,2017,694,F
589,0A875,11292,14893,2017,694,F
590,0A875,11292,15376,2017,698,F
591,0A875,11697,11292,2017,614,F
592,0A875,11884,11292,2017,698,F
593,0A875,13198,11292,2017,634,F
594,0A875,13851,11292,2017,634,F
595,0A875,13891,11292,2017,694,F
596,0A875,14057,11292,2017,614,F
597,0A875,14747,11292,2017,698,F
598,0A875,14831,11292,2017,698,F
599,0A875,15376,11292,2017,698,F
600,6725,10693,11292,2017,619,F
601,6725,11292,12954,2017,612,F
602,6725,11292,13487,2017,619,F
603,6725,11292,15016,2017,619,F
604,6725,12191,11292,2017,619,F
605,6725,12954,11292,2017,612,F
606,6725,13851,11292,2017,614,F
607,6725,14122,11292,2017,614,F
608,6725,15016,11292,2017,619,F
609,6003,15016,11292,2017,677,F
610,6460,11292,14107,2017,699,F
611,6460,14107,11292,2017,699,F
612,6795,13487,11292,2017,614,F
613,6904,11292,11003,2017,675,F
614,6932,11233,11292,2017,405,F
615,6932,11292,11233,2017,405,F
616,7041,11292,13244,2017,631,F
617,7041,13487,11292,2017,631,F
618,7041,13502,13930,2017,631,F
619,7041,13930,13502,2017,631,F
620,6700,10397,11292,2017,631,F
621,6700,11042,11292,2017,673,F
622,6700,11109,12892,2017,673,F
623,6700,11292,11057,2017,673,F
624,6700,11292,13264,2017,629,F
625,6700,11292,13964,2017,673,F
626,6700,11423,11292,2017,631,F
627,6700,11648,11292,2017,631,F
628,6700,12278,11292,2017,673,F
629,6700,13244,11292,2017,631,F
630,6700,13433,11292,2017,631,F
631,6700,13964,11292,2017,673,F
632,6700,14489,11292,2017,631,F
633,6700,14689,11292,2017,629,F
634,6700,15370,11292,2017,631,F
635,6700,15376,11292,2017,631,F
636,0A875,10423,11292,2017,634,F
637,0A875,11292,11433,2017,634,F
638,0A875,11292,11986,2017,694,F
639,0A875,11292,12339,2017,614,F
640,0A875,11292,13198,2017,694,F
641,0A875,11292,13342,2017,694,F
642,0A875,11292,13495,2017,694,F
643,0A875,11618,11292,2017,627,F
644,0A875,12339,11292,2017,614,F
645,0A875,12339,11292,2017,698,F
646,0A875,13264,11292,2017,694,F
647,0A875,13342,11292,2017,694,F
648,0A875,14100,11292,2017,694,F
649,6725,11292,11697,2017,612,F
650,6725,11292,12451,2017,614,F
651,6725,11292,13198,2017,614,F
652,6725,11292,13796,2017,619,F
653,6725,11292,13851,2017,614,F
654,6725,12451,11292,2017,614,F
655,6725,14771,11292,2017,614,F
656,6725,14869,11292,2017,614,F
657,6003,10397,11292,2017,677,F
658,6003,11292,10397,2017,677,F
659,6003,11292,11298,2017,677,F
660,6003,11292,13871,2017,677,F
661,6003,11292,14730,2017,677,F
662,6200,11109,11921,2017,622,G
663,6200,11292,13244,2017,626,G
664,6200,11292,13244,2017,730,G
665,6200,11921,11109,2017,622,G
666,6200,13244,11292,2017,730,G
667,6904,11292,11775,2017,675,F
668,6035,11921,12889,2017,655,F
669,6035,12889,11921,2017,655,F
670,7041,11292,15412,2017,631,F
671,7041,15412,11292,2017,631,F
672,6700,10423,11292,2017,631,F
673,6700,10561,11292,2017,673,F
674,6700,11057,11292,2017,673,F
675,6700,11292,11921,2017,631,F
676,6700,11292,14524,2017,673,F
677,6700,14524,11292,2017,673,F
678,0A875,10620,11292,2017,614,F
679,0A875,10713,11292,2017,698,F
680,0A875,10800,11292,2017,698,F
681,0A875,11292,10620,2017,614,F
682,0A875,11292,10713,2017,698,F
683,0A875,11292,10800,2017,698,F
684,0A875,11292,11423,2017,634,F
685,0A875,11292,11603,2017,634,F
686,0A875,11292,11603,2017,698,F
687,0A875,11292,13342,2017,634,F
688,0A875,11292,13851,2017,698,F
689,0A875,11292,14122,2017,698,F
690,0A875,11292,14869,2017,634,F
691,0A875,11423,11292,2017,634,F
692,0A875,11603,11292,2017,634,F
693,0A875,13198,11292,2017,694,F
694,0A875,13342,11292,2017,634,F
695,0A875,14100,11292,2017,614,F
696,0A875,14122,11292,2017,698,F
697,0A875,15370,11292,2017,694,F
698,6725,10423,11292,2017,619,F
699,6725,11042,11292,2017,614,F
700,6725,11292,11618,2017,614,F
701,6725,11292,14193,2017,612,F
702,6725,11292,14492,2017,614,F
703,6725,14193,11292,2017,612,F
704,6725,15370,11292,2017,619,F
705,6904,11003,11292,2017,675,F
706,6904,11292,12094,2017,675,F
707,6904,11775,11292,2017,675,F
708,6910,11292,14730,2017,740,G
709,6910,14730,11292,2017,740,G
710,0A050,11292,14107,2017,694,F
711,0A050,14107,11292,2017,694,F
712,7041,11292,11042,2017,631,F
713,6700,11193,11292,2017,631,F
714,6700,11292,15376,2017,631,F
715,6700,13851,11292,2017,631,F
716,0A875,10423,11292,2017,698,F
717,0A875,11292,10423,2017,698,F
718,0A875,11292,10529,2017,694,F
719,0A875,11292,11433,2017,694,F
720,0A875,11292,11697,2017,614,F
721,0A875,11292,12953,2017,698,F
722,0A875,11292,13485,2017,694,F
723,0A875,11292,13487,2017,634,F
724,0A875,11292,14747,2017,634,F
725,0A875,11292,15370,2017,694,F
726,0A875,11603,11292,2017,698,F
727,0A875,13495,11292,2017,694,F
728,0A875,14869,11292,2017,634,F
729,6725,11292,11884,2017,614,F
730,6725,11292,12191,2017,619,F
731,6725,11292,12892,2017,619,F
732,6725,11292,13851,2017,619,F
733,6725,11292,14107,2017,619,F
734,6725,11292,14771,2017,619,F
735,6725,12889,11292,2017,619,F
736,6725,13198,11292,2017,619,F
737,6725,14492,11292,2017,614,F
738,6003,10693,11292,2017,677,F
739,6460,11109,14771,2017,698,F
740,6460,14771,11109,2017,698,F
741,6200,11292,13796,2017,740,G
742,6904,11292,12012,2017,675,F
743,6904,12012,11292,2017,675,F
744,6904,12094,11292,2017,675,F
745,6035,10466,11109,2017,698,F
746,6035,11109,10466,2017,698,F
747,6035,11109,12889,2017,655,F
748,6035,11921,12892,2017,698,F
749,6035,12889,11109,2017,655,F
750,6035,12892,11921,2017,698,F
751,1158,10643,11292,2017,675,F
752,1158,11292,10643,2017,675,F
753,6700,11292,11003,2017,629,F
754,6700,11292,11648,2017,673,F
755,6700,11292,13851,2017,629,F
756,6700,11292,13851,2017,631,F
757,6700,11648,11292,2017,673,F
758,6700,11921,11292,2017,631,F
759,6700,13264,11292,2017,673,F
760,0A875,10821,11292,2017,694,F
761,0A875,11292,12339,2017,694,F
762,0A875,11292,14057,2017,614,F
763,0A875,11433,11292,2017,694,F
764,0A875,11603,11292,2017,694,F
765,0A875,12339,11292,2017,694,F
766,0A875,13485,11292,2017,694,F
767,6725,11292,10397,2017,619,F
768,6725,11292,10529,2017,614,F
769,6725,12339,11292,2017,614,F
770,6725,13487,11292,2017,614,F
771,6725,14683,11292,2017,619,F
772,6460,11292,11278,2017,698,F
773,6910,14730,11292,2017,622,G
774,6700,11066,11292,2017,673,F
775,6700,11292,10800,2017,629,F
776,6700,11292,11066,2017,673,F
777,6700,11292,15376,2017,673,F
778,6700,15016,11292,2017,629,F
779,0A875,10529,11292,2017,694,F
780,0A875,11292,10821,2017,694,F
781,0A875,11292,11423,2017,694,F
782,0A875,11292,11775,2017,614,F
783,0A875,11292,14262,2017,698,F
784,0A875,11423,11292,2017,694,F
785,0A875,12264,11292,2017,694,F
786,0A875,13495,11292,2017,634,F
787,0A875,13891,11292,2017,634,F
788,0A875,14262,11292,2017,698,F
789,6725,11292,11042,2017,612,F
790,6725,11292,12889,2017,619,F
791,6725,11292,13487,2017,614,F
792,6725,11292,14730,2017,612,F
793,6725,13851,11292,2017,619,F
794,6725,14730,11292,2017,612,F
795,6725,14771,11292,2017,619,F
796,6003,12266,11109,2017,677,F
797,6460,11278,11292,2017,698,F
798,6460,11292,11423,2017,698,F
799,6460,11423,11292,2017,698,F
800,6200,11292,13244,2017,691,G
801,6200,13244,11292,2017,626,G
802,6904,11292,15370,2017,675,F
803,6904,15370,11292,2017,675,F
804,6932,11292,15177,2017,405,F
805,6932,15177,11292,2017,405,F
806,1177,10950,14107,2017,479,F
807,1177,14107,10950,2017,479,F
808,1260,11292,12953,2017,698,F
809,6700,13851,11292,2017,629,F
810,0A875,10821,11292,2017,614,F
811,0A875,11292,11603,2017,694,F
812,0A875,11292,12264,2017,694,F
813,0A875,11292,13495,2017,614,F
814,0A875,11292,13871,2017,634,F
815,0A875,11292,13891,2017,634,F
816,0A875,11292,14893,2017,614,F
817,0A875,11775,11292,2017,614,F
818,6725,11292,12264,2017,614,F
819,6725,12892,11292,2017,619,F
820,6725,13198,11292,2017,614,F
821,6725,14107,11292,2017,619,F
822,6460,11109,12892,2017,698,F
823,6460,12892,11109,2017,698,F
824,6904,11292,11986,2017,675,F
825,6673,11292,12478,2017,694,F
826,6673,12478,11292,2017,694,F
827,7041,11292,14683,2017,631,F
828,7041,14683,11292,2017,631,F
829,6700,11292,11603,2017,629,F
830,0A875,11292,13487,2017,694,F
831,0A875,11292,14492,2017,698,F
832,0A875,11292,14747,2017,614,F
833,0A875,11298,11292,2017,694,F
834,0A875,13342,11292,2017,614,F
835,0A875,13487,11292,2017,634,F
836,0A875,14893,11292,2017,694,F
837,6725,11292,10693,2017,619,F
838,6200,11638,11921,2017,622,G
839,6904,14783,11292,2017,675,F
840,6035,11193,11292,2017,698,F
841,6035,11292,11193,2017,698,F
842,1260,12953,11292,2017,698,F
843,6700,11292,14869,2017,631,F
844,6700,13367,11292,2017,629,F
845,0A875,11292,10620,2017,694,F
846,0A875,11292,11423,2017,614,F
847,0A875,11292,13342,2017,614,F
848,0A875,11292,13871,2017,614,F
849,0A875,11292,13891,2017,614,F
850,0A875,11292,15304,2017,694,F
851,0A875,13204,11292,2017,634,F
852,0A875,14492,11292,2017,698,F
853,0A875,14679,11292,2017,694,F
854,6460,10849,11292,2017,698,F
855,6460,11003,11292,2017,694,F
856,6460,11292,10849,2017,698,F
857,6460,11292,11003,2017,694,F
858,6460,11292,11995,2017,698,F
859,6460,11292,14747,2017,698,F
860,6460,11995,11292,2017,698,F
861,6460,14747,11292,2017,698,F
862,6200,13796,11292,2017,622,G
863,6700,11003,11292,2017,629,F
864,0A875,10620,11292,2017,694,F
865,0A875,11292,10423,2017,614,F
866,0A875,11292,14679,2017,614,F
867,0A875,11423,11292,2017,614,F
868,0A875,12266,11292,2017,698,F
869,0A875,13871,11292,2017,614,F
870,0A875,13891,11292,2017,614,F
871,0A875,14831,11292,2017,614,F
872,6725,11259,11292,2017,619,F
873,6725,11697,11292,2017,614,F
874,6460,10693,11292,2017,699,F
875,6460,11292,10693,2017,699,F
876,6700,11109,14747,2017,673,F
877,6700,11603,11292,2017,629,F
878,6700,14747,11109,2017,673,F
879,0A875,10140,11292,2017,614,F
880,0A875,11292,14122,2017,614,F
881,0A875,13871,11292,2017,634,F
882,0A875,14122,11292,2017,614,F
883,6003,11423,11292,2017,677,F
884,6460,11292,13485,2017,694,F
885,6460,13485,11292,2017,694,F
886,6200,11292,13244,2017,732,G
887,6904,11292,12003,2017,675,F
888,6904,11292,15919,2017,675,F
889,6904,15919,11292,2017,675,F
890,6580,11109,14747,2017,673,F
891,6580,14747,11109,2017,673,F
892,1260,11433,11292,2017,888,F
893,6700,11292,13367,2017,629,F
894,0A875,11292,10140,2017,614,F
895,0A875,12889,11292,2017,694,F
896,0A875,12953,11292,2017,698,F
897,0A875,14747,11292,2017,614,F
898,0A875,14893,11292,2017,614,F
899,6003,13244,11292,2017,677,F
900,6460,10693,11292,2017,694,F
901,6460,11292,10693,2017,694,F
902,6460,11292,13486,2017,698,F
903,6460,11292,15412,2017,698,F
904,6460,13486,11292,2017,698,F
905,6460,15412,11292,2017,698,F
906,6200,11921,11638,2017,622,G
907,6200,11921,13244,2017,622,G
908,6200,13244,11292,2017,622,G
909,6200,13244,11292,2017,732,G
910,6200,13244,11921,2017,622,G
911,6904,12003,11292,2017,675,F
912,6904,12992,11292,2017,675,F
913,1177,10950,14107,2017,458,F
914,1177,14107,10950,2017,458,F
915,1260,11292,13487,2017,622,F
916,1260,11433,11292,2017,622,F
917,7041,15370,11292,2017,631,F
918,6700,10140,11292,2017,673,F
919,6700,11292,13198,2017,631,F
920,6700,11292,14262,2017,673,F
921,6700,11540,11292,2017,631,F
922,6700,14262,11292,2017,673,F
923,0A875,11066,11292,2017,698,F
924,0A875,11292,10140,2017,634,F
925,0A875,11292,11042,2017,634,F
926,0A875,11292,12339,2017,634,F
927,0A875,11292,12889,2017,694,F
928,0A875,13264,11292,2017,698,F
929,0A875,13495,11292,2017,614,F
930,0A875,14122,11292,2017,634,F
931,0A875,14831,11292,2017,634,F
932,6725,11292,11259,2017,619,F
933,6460,11292,14057,2017,698,F
934,6460,11292,14747,2017,694,F
935,6460,14057,11292,2017,698,F
936,6460,14747,11292,2017,694,F
937,6904,11292,13367,2017,675,F
938,6700,11292,11540,2017,631,F
939,6700,11292,11603,2017,673,F
940,6700,11292,15919,2017,631,F
941,6700,11603,11292,2017,673,F
942,6700,12278,11292,2017,631,F
943,0A875,10140,11292,2017,634,F
944,0A875,11292,10821,2017,614,F
945,0A875,11292,11066,2017,698,F
946,0A875,11292,12266,2017,698,F
947,0A875,11292,14122,2017,634,F
948,0A875,11292,14831,2017,614,F
949,0A875,11292,14831,2017,698,F
950,0A875,11292,14869,2017,694,F
951,0A875,11292,15016,2017,694,F
952,0A875,14869,11292,2017,694,F
953,0A875,15304,11292,2017,634,F
954,6725,11292,12889,2017,614,F
955,6003,11292,15370,2017,677,F
956,6904,11109,11292,2017,675,F
957,6904,11292,11109,2017,675,F
958,6904,11423,11292,2017,675,F
959,6910,10620,11292,2017,691,G
960,6910,11292,10620,2017,691,G
961,6910,11292,13891,2017,691,G
962,6910,13891,11292,2017,691,G
963,6910,14512,11292,2017,691,G
964,6700,11292,12278,2017,631,F
965,6700,11292,14730,2017,631,F
966,6700,14457,11292,2017,673,F
967,0A875,10529,11292,2017,698,F
968,0A875,10849,11292,2017,698,F
969,0A875,11292,10849,2017,698,F
970,0A875,11292,13264,2017,698,F
971,0A875,11292,13495,2017,634,F
972,0A875,11292,14107,2017,614,F
973,0A875,11292,14570,2017,698,F
974,0A875,11292,14683,2017,634,F
975,0A875,11292,14771,2017,889,F
976,0A875,11775,11292,2017,698,F
977,0A875,11884,11292,2017,614,F
978,0A875,14570,11292,2017,698,F
979,0A875,14771,11292,2017,889,F
980,0A875,15304,11292,2017,694,F
981,6003,10140,11292,2017,677,F
982,6003,11292,10140,2017,677,F
983,6003,11292,11042,2017,677,F
984,6003,11292,14869,2017,677,F
985,6003,13198,11292,2017,677,F
986,6460,11109,13930,2017,698,F
987,6200,10194,11292,2017,622,G
988,6200,11292,10194,2017,622,G
989,6200,13244,11292,2017,691,G
990,7041,10397,11292,2017,631,F
991,7041,11292,13367,2017,631,F
992,7041,11292,13495,2017,631,F
993,6700,10372,14869,2017,631,F
994,6700,11267,11292,2017,673,F
995,6700,11292,13198,2017,673,F
996,6700,11292,15919,2017,629,F
997,6700,11298,11292,2017,631,F
998,6700,11638,11292,2017,673,F
999,6700,14107,11292,2017,673,F
1000,6700,14683,11292,2017,631,F
1001,0A875,10423,11292,2017,694,F
1002,0A875,11057,11292,2017,694,F
1003,0A875,11292,11057,2017,694,F
1004,0A875,11292,11775,2017,694,F
1005,0A875,11292,11775,2017,698,F
1006,0A875,11292,11884,2017,614,F
1007,0A875,11292,13198,2017,698,F
1008,0A875,11292,13851,2017,694,F
1009,0A875,11292,14122,2017,694,F
1010,0A875,11292,14679,2017,694,F
1011,0A875,11292,14683,2017,694,F
1012,0A875,11775,11292,2017,694,F
1013,6725,11292,11042,2017,614,F
1014,6460,11292,11423,2017,694,F
1015,6460,11423,11292,2017,694,F
1016,6460,13930,11109,2017,698,F
1017,1260,13487,11292,2017,888,F
1018,7041,11292,12278,2017,631,F
1019,6700,10713,11292,2017,629,F
1020,6700,11292,10140,2017,673,F
1021,6700,11292,15016,2017,629,F
1022,6700,14869,10372,2017,631,F
1023,0A875,10397,11292,2017,614,F
1024,0A875,11292,11697,2017,694,F
1025,0A875,11292,13487,2017,614,F
1026,0A875,11292,13891,2017,698,F
1027,0A875,11292,14057,2017,694,F
1028,0A875,11292,14747,2017,698,F
1029,0A875,11292,14831,2017,634,F
1030,0A875,11292,15304,2017,634,F
1031,0A875,11986,11292,2017,698,F
1032,0A875,13198,11292,2017,698,F
1033,0A875,13891,11292,2017,698,F
1034,0A875,14100,11292,2017,698,F
1035,0A875,14122,11292,2017,694,F
1036,0A875,15016,11292,2017,694,F
1037,0A875,15304,11292,2017,614,F
1038,6725,11292,10529,2017,612,F
1039,6725,11292,14570,2017,614,F
1040,6725,11292,14730,2017,614,F
1041,6725,11292,14869,2017,614,F
1042,6003,11292,13198,2017,677,F
1043,6299,10140,11413,2017,416,G
1044,6299,11711,11413,2017,416,G
1045,7041,11292,11193,2017,631,F
1046,7041,12094,11292,2017,631,F
1047,7041,14783,11292,2017,631,F
1048,6700,10372,14771,2017,631,F
1049,6700,10423,11292,2017,673,F
1050,6700,11447,11292,2017,629,F
1051,6700,12992,11292,2017,631,F
1052,6700,13029,11292,2017,673,F
1053,0A875,11292,10529,2017,698,F
1054,0A875,11292,13871,2017,694,F
1055,0A875,11292,14524,2017,698,F
1056,0A875,11292,14689,2017,698,F
1057,0A875,11292,14771,2017,627,F
1058,0A875,11697,11292,2017,694,F
1059,0A875,13487,11292,2017,694,F
1060,0A875,13495,11292,2017,698,F
1061,0A875,13871,11292,2017,694,F
1062,0A875,14057,11292,2017,694,F
1063,0A875,14524,11292,2017,698,F
1064,0A875,14683,11292,2017,634,F
1065,0A875,14689,11292,2017,698,F
1066,6725,11042,11292,2017,612,F
1067,6725,11292,11066,2017,614,F
1068,6725,11292,12953,2017,614,F
1069,6003,11292,11066,2017,677,F
1070,6460,10627,11292,2017,694,F
1071,6460,11292,10627,2017,694,F
1072,6200,10140,11413,2017,416,G
1073,6200,11109,13244,2017,622,G
1074,6200,11711,11413,2017,416,G
1075,6200,12094,11122,2017,416,G
1076,6200,13244,11109,2017,622,G
1077,6910,11292,14570,2017,691,G
1078,7041,11292,12094,2017,631,F
1079,7041,11292,13871,2017,631,F
1080,7041,11292,14457,2017,631,F
1081,6700,10140,11292,2017,629,F
1082,6700,10397,11292,2017,673,F
1083,6700,10800,11292,2017,673,F
1084,6700,11193,11292,2017,673,F
1085,6700,11292,10140,2017,629,F
1086,6700,11292,11298,2017,673,F
1087,6700,11292,11638,2017,673,F
1088,6700,11292,14107,2017,673,F
1089,6700,11775,11292,2017,673,F
1090,6700,13198,11292,2017,673,F
1091,6700,13264,11292,2017,629,F
1092,6700,14698,11292,2017,629,F
1093,6700,14771,10372,2017,631,F
1094,0A875,10713,11292,2017,634,F
1095,0A875,11292,10713,2017,634,F
1096,0A875,11292,12441,2017,698,F
1097,0A875,13851,11292,2017,694,F
1098,0A875,13851,11292,2017,698,F
1099,0A875,14100,11292,2017,634,F
1100,0A875,14107,11292,2017,614,F
1101,0A875,14771,11292,2017,627,F
1102,6725,10994,11292,2017,612,F
1103,6725,11292,10713,2017,614,F
1104,6725,11292,10994,2017,612,F
1105,6725,11433,11292,2017,614,F
1106,6725,14730,11292,2017,614,F
1107,6725,15376,11292,2017,614,F
1108,6003,11066,11292,2017,677,F
1109,6003,13158,11292,2017,677,F
1110,6904,11292,15412,2017,675,F
1111,6904,15412,11292,2017,675,F
1112,6085,12266,13502,2017,675,F
1113,6085,13502,12266,2017,675,F
1114,1260,11193,11292,2017,608,F
1115,1260,11292,11193,2017,608,F
1116,7041,11292,14783,2017,631,F
1117,7041,12278,11292,2017,631,F
1118,6700,10800,11292,2017,629,F
1119,6700,11292,14698,2017,629,F
1120,6700,12266,10372,2017,631,F
1121,6700,15370,11292,2017,629,F
1122,0A875,10713,11292,2017,614,F
1123,0A875,11292,10423,2017,634,F
1124,0A875,11292,10423,2017,694,F
1125,0A875,11292,11298,2017,614,F
1126,0A875,11292,11697,2017,634,F
1127,0A875,11292,12278,2017,694,F
1128,0A875,11292,12758,2017,622,F
1129,0A875,11292,13830,2017,622,F
1130,0A875,11292,15304,2017,614,F
1131,0A875,11697,11292,2017,634,F
1132,0A875,12278,11292,2017,694,F
1133,0A875,12441,11292,2017,698,F
1134,0A875,12758,11292,2017,622,F
1135,0A875,13830,11292,2017,622,F
1136,0A875,15370,11292,2017,698,F
1137,6725,10713,11292,2017,614,F
1138,6725,11292,12451,2017,612,F
1139,6725,12451,11292,2017,612,F
1140,6725,13891,11292,2017,614,F
1141,6725,14831,11292,2017,614,F
1142,6003,10423,11292,2017,677,F
1143,6003,11292,13158,2017,677,F
1144,6003,14730,11292,2017,677,F
1145,6003,15370,11292,2017,677,F
1146,6460,11292,11775,2017,694,F
1147,6460,11775,11292,2017,694,F
1148,6200,11122,12094,2017,416,G
1149,6085,11109,12266,2017,675,F
1150,1177,11292,10950,2017,479,F
1151,7041,11193,11292,2017,631,F
1152,6700,11292,13264,2017,673,F
1153,6700,14262,11292,2017,631,F
1154,0A875,10721,11292,2017,614,F
1155,0A875,11057,11292,2017,698,F
1156,0A875,11292,10397,2017,614,F
1157,0A875,11292,10713,2017,614,F
1158,0A875,11292,11057,2017,698,F
1159,0A875,11292,14771,2017,698,F
1160,0A875,11298,11292,2017,614,F
1161,0A875,13487,11292,2017,614,F
1162,0A875,14893,11292,2017,698,F
1163,6725,11259,11292,2017,614,F
1164,6725,14893,11292,2017,614,F
1165,6003,11292,13851,2017,677,F
1166,6460,11292,14869,2017,698,F
1167,6460,11292,15016,2017,698,F
1168,6460,12889,11109,2017,698,F
1169,6460,14869,11292,2017,698,F
1170,6460,15016,11292,2017,698,F
1171,6299,11413,10140,2017,416,G
1172,7041,13244,11292,2017,631,F
1173,7041,13851,11292,2017,631,F
1174,6700,10372,12266,2017,631,F
1175,6700,10693,11292,2017,673,F
1176,6700,11292,10599,2017,631,F
1177,6700,11292,11775,2017,673,F
1178,6700,11292,14262,2017,631,F
1179,6700,11292,14814,2017,629,F
1180,6700,11423,11292,2017,673,F
1181,6700,12389,11292,2017,629,F
1182,6700,13871,11292,2017,673,F
1183,6700,14814,11292,2017,629,F
1184,0A875,11292,15370,2017,698,F
1185,0A875,14107,11292,2017,634,F
1186,0A875,14831,11292,2017,694,F
1187,6725,10423,11292,2017,614,F
1188,6725,11292,14100,2017,612,F
1189,6725,11292,14122,2017,612,F
1190,6725,11697,11292,2017,612,F
1191,6725,11884,11292,2017,614,F
1192,6460,11109,12889,2017,698,F
1193,6460,11292,12339,2017,694,F
1194,6460,11292,12889,2017,698,F
1195,6460,12339,11292,2017,694,F
1196,6460,12889,11292,2017,698,F
1197,6200,11413,10140,2017,416,G
1198,6795,11292,13487,2017,612,F
1199,6795,13487,11292,2017,612,F
1200,6904,11292,13198,2017,675,F
1201,6904,11292,13502,2017,675,F
1202,6904,13502,11292,2017,675,F
1203,1177,10140,10272,2017,479,F
1204,1177,10272,10140,2017,479,F
1205,1177,10950,11292,2017,479,F
1206,7041,11292,13198,2017,631,F
1207,7041,11292,13486,2017,631,F
1208,7041,13871,11292,2017,631,F
1209,6700,10693,11292,2017,631,F
1210,6700,11292,10693,2017,673,F
1211,6700,11292,12389,2017,629,F
1212,6700,11292,13029,2017,673,F
1213,6700,11292,13871,2017,673,F
1214,6700,12892,11109,2017,629,F
1215,0A875,11292,10821,2017,634,F
1216,0A875,11292,14107,2017,634,F
1217,0A875,11292,14683,2017,614,F
1218,0A875,11292,14893,2017,698,F
1219,0A875,14107,11292,2017,698,F
1220,0A875,14683,11292,2017,614,F
1221,6725,10257,11292,2017,612,F
1222,6725,10529,11292,2017,614,F
1223,6725,10721,11292,2017,614,F
1224,6725,11292,11433,2017,614,F
1225,6725,14570,11292,2017,614,F
1226,6003,11109,11292,2017,677,F
1227,6003,11292,10423,2017,677,F
1228,6200,11292,13244,2017,740,G
1229,0A050,11292,14100,2017,614,F
1230,0A050,11292,14107,2017,698,F
1231,0A050,11503,11298,2017,622,F
1232,0A050,12892,11292,2017,614,F
1233,0A050,13303,11292,2017,699,F
1234,0A050,14107,11292,2017,698,F
1235,1260,11292,11433,2017,694,F
1236,7041,11292,13851,2017,631,F
1237,7041,13486,11292,2017,631,F
1238,6700,10599,11292,2017,631,F
1239,6700,11109,13930,2017,673,F
1240,6700,11292,13029,2017,629,F
1241,6700,13029,11292,2017,629,F
1242,0A875,10423,11292,2017,614,F
1243,0A875,11278,11292,2017,634,F
1244,0A875,11292,11278,2017,634,F
1245,6725,11292,14122,2017,614,F
1246,6460,11292,14492,2017,698,F
1247,6460,11292,14683,2017,698,F
1248,6460,14057,11292,2017,694,F
1249,6460,14492,11292,2017,698,F
1250,6460,14683,11292,2017,698,F
1251,6830,11292,11433,2017,694,F
1252,6830,11292,11697,2017,699,F
1253,6830,11697,11292,2017,699,F
1254,6830,12266,11292,2017,694,F
1255,6689,13502,11298,2017,638,F
1256,6904,11292,11637,2017,675,F
1257,6085,11109,13930,2017,675,F
1258,0A050,11292,12892,2017,614,F
1259,0A050,11292,13303,2017,699,F
1260,0A050,11298,11503,2017,622,F
1261,6700,10372,11298,2017,631,F
1262,6700,11292,12278,2017,629,F
1263,6700,11298,10372,2017,631,F
1264,0A875,11292,10397,2017,634,F
1265,0A875,11292,11884,2017,634,F
1266,0A875,11292,12892,2017,627,F
1267,0A875,11292,14107,2017,698,F
1268,0A875,11292,14771,2017,887,F
1269,0A875,12892,11292,2017,627,F
1270,6725,11292,11986,2017,612,F
1271,6725,11292,12339,2017,614,F
1272,6725,11618,11292,2017,614,F
1273,6725,11986,11292,2017,612,F
1274,6003,10599,11292,2017,677,F
1275,6460,10397,11292,2017,694,F
1276,6460,11292,11066,2017,694,F
1277,6460,11292,14057,2017,694,F
1278,6460,11292,14679,2017,698,F
1279,6460,12264,11292,2017,698,F
1280,6460,14679,11292,2017,698,F
1281,6830,11292,12266,2017,694,F
1282,6830,11292,12892,2017,694,F
1283,6830,11292,14679,2017,694,F
1284,6830,11298,11292,2017,694,F
1285,6830,11433,11292,2017,694,F
1286,6830,12892,11292,2017,694,F
1287,6830,13487,11292,2017,694,F
1288,6830,14679,11292,2017,694,F
1289,6689,11298,13502,2017,638,F
1290,6689,13502,14107,2017,638,F
1291,6689,14107,13502,2017,638,F
1292,6031,11292,14747,2017,614,F
1293,6031,14747,11292,2017,614,F
1294,6904,11097,11292,2017,675,F
1295,6904,11292,11097,2017,675,F
1296,0A050,11292,14107,2017,699,F
1297,0A050,14107,11292,2017,699,F
1298,1260,10397,11109,2017,694,F
1299,1260,11109,10397,2017,694,F
1300,1260,11433,11292,2017,694,F
1301,7041,11292,11503,2017,631,F
1302,7041,11503,11292,2017,631,F
1303,6700,10849,11292,2017,629,F
1304,6700,11109,12266,2017,631,F
1305,6700,11292,10713,2017,629,F
1306,6700,11292,10713,2017,673,F
1307,6700,11292,11638,2017,631,F
1308,6700,11292,12156,2017,629,F
1309,6700,12156,11292,2017,629,F
1310,6700,12266,11109,2017,631,F
1311,6700,12519,11292,2017,629,F
1312,0A875,11292,12173,2017,627,F
1313,0A875,11884,11292,2017,634,F
1314,0A875,12173,11292,2017,627,F
1315,0A875,12266,11292,2017,887,F
1316,0A875,12278,11292,2017,698,F
1317,0A875,12339,11292,2017,634,F
1318,0A875,14747,11292,2017,634,F
1319,6725,11292,10257,2017,612,F
1320,6725,11292,14893,2017,614,F
1321,6725,14100,11292,2017,612,F
1322,6725,15304,11292,2017,612,F
1323,6003,11292,10693,2017,677,F
1324,6460,10423,11292,2017,699,F
1325,6460,11042,11292,2017,699,F
1326,6460,11057,11292,2017,698,F
1327,6460,11066,11292,2017,694,F
1328,6460,11109,13204,2017,698,F
1329,6460,11109,14107,2017,698,F
1330,6460,11292,10397,2017,694,F
1331,6460,11292,10397,2017,698,F
1332,6460,11292,10423,2017,699,F
1333,6460,11292,11042,2017,699,F
1334,6460,11292,11057,2017,698,F
1335,6460,11292,11298,2017,698,F
1336,6460,11292,12264,2017,698,F
1337,6460,11292,12889,2017,699,F
1338,6460,11292,12953,2017,694,F
1339,6460,11292,13244,2017,699,F
1340,6460,11292,13303,2017,694,F
1341,6460,11292,13495,2017,694,F
1342,6460,11292,13871,2017,694,F
1343,6460,11292,14057,2017,699,F
1344,6460,11292,14100,2017,694,F
1345,6460,11292,14100,2017,698,F
1346,6460,11292,14122,2017,694,F
1347,6460,11292,14679,2017,694,F
1348,6460,11292,14747,2017,699,F
1349,6460,11292,14869,2017,699,F
1350,6460,11292,15016,2017,699,F
1351,6460,11292,15304,2017,698,F
1352,6460,11298,11292,2017,698,F
1353,6460,12889,11292,2017,699,F
1354,6460,12953,11292,2017,694,F
1355,6460,13204,11109,2017,698,F
1356,6460,13244,11292,2017,699,F
1357,6460,13303,11292,2017,694,F
1358,6460,13495,11292,2017,694,F
1359,6460,13871,11292,2017,694,F
1360,6460,14057,11292,2017,699,F
1361,6460,14100,11292,2017,694,F
1362,6460,14100,11292,2017,698,F
1363,6460,14107,11109,2017,698,F
1364,6460,14122,11292,2017,694,F
1365,6460,14679,11292,2017,699,F
1366,6460,14747,11292,2017,699,F
1367,6460,14869,11292,2017,699,F
1368,6460,15016,11292,2017,699,F
1369,6460,15304,11292,2017,698,F
1370,6830,11292,11298,2017,694,F
1371,6830,11292,12892,2017,698,F
1372,6830,11292,13487,2017,694,F
1373,6830,12892,11292,2017,698,F
1374,6031,11292,14747,2017,634,F
1375,6031,14747,11292,2017,634,F
1376,6904,11292,12217,2017,675,F
1377,6904,12217,11292,2017,675,F
1378,0A050,14100,11292,2017,699,F
1379,6700,10620,11292,2017,673,F
1380,6700,11292,10620,2017,673,F
1381,6700,11292,10849,2017,629,F
1382,6700,11292,14689,2017,673,F
1383,6700,12278,11292,2017,629,F
1384,6700,13930,11109,2017,673,F
1385,6700,14689,11292,2017,673,F
1386,0A875,11292,12278,2017,698,F
1387,0A875,11292,12953,2017,694,F
1388,0A875,11292,13204,2017,614,F
1389,0A875,11292,14107,2017,694,F
1390,0A875,14107,11292,2017,694,F
1391,0A875,14893,11292,2017,634,F
1392,6725,11292,11433,2017,612,F
1393,6460,10397,11292,2017,698,F
1394,6460,11292,14679,2017,699,F
1395,6460,11292,14869,2017,694,F
1396,6460,14679,11292,2017,694,F
1397,6460,14869,11292,2017,694,F
1398,6904,11292,14730,2017,675,F
1399,6904,14730,11292,2017,675,F
1400,6910,11292,14730,2017,626,G
1401,6673,11292,12478,2017,699,F
1402,6673,12478,11292,2017,699,F
1403,1260,11292,14869,2017,694,F
1404,1260,14869,11292,2017,694,F
1405,7041,10423,11292,2017,631,F
1406,6700,11292,11193,2017,631,F
1407,0A875,10721,11292,2017,694,F
1408,0A875,11042,11292,2017,634,F
1409,0A875,11292,14908,2017,698,F
1410,6725,11292,10423,2017,614,F
1411,6725,11292,10721,2017,614,F
1412,6725,11292,11259,2017,614,F
1413,6725,13891,11292,2017,612,F
1414,6725,14100,11292,2017,614,F
1415,6725,14570,11292,2017,612,F
1416,6003,11292,10599,2017,677,F
1417,6460,11292,13342,2017,698,F
1418,6460,13342,11292,2017,698,F
1419,6910,14730,11292,2017,626,G
1420,6700,11292,11775,2017,629,F
1421,6700,12892,11109,2017,673,F
1422,0A875,10397,11292,2017,634,F
1423,0A875,13871,11292,2017,698,F
1424,6725,11292,10397,2017,614,F
1425,6725,13342,11292,2017,614,F
1426,6725,15376,11292,2017,612,F
1427,6003,12339,11292,2017,677,F
1428,6460,11292,13198,2017,694,F
1429,6460,13198,11292,2017,694,F
1430,6200,13244,11292,2017,740,G
1431,6904,11292,12992,2017,675,F
1432,6904,11637,11292,2017,675,F
1433,0A050,11292,11298,2017,614,F
1434,6700,15376,11292,2017,629,F
1435,0A875,11292,13342,2017,698,F
1436,0A875,11292,13930,2017,694,F
1437,0A875,11298,11292,2017,634,F
1438,6725,11292,11697,2017,614,F
1439,6460,11433,11292,2017,694,F
1440,6904,11292,13029,2017,675,F
1441,1260,11292,11433,2017,888,F
1442,6700,11292,14457,2017,629,F
1443,6700,11986,11292,2017,673,F
1444,0A875,11292,11298,2017,694,F
1445,0A875,11292,11298,2017,698,F
1446,0A875,12953,11292,2017,694,F
1447,0A875,13342,11292,2017,698,F
1448,0A875,14679,11292,2017,634,F
1449,0A875,14908,11292,2017,698,F
1450,6725,11292,10693,2017,614,F
1451,6725,11292,14100,2017,614,F
1452,6725,11433,11292,2017,612,F
1453,6725,11884,11292,2017,612,F
1454,6725,12264,11292,2017,614,F
1455,6725,14057,11292,2017,614,F
1456,6460,11292,11433,2017,694,F
1457,6200,11292,12339,2017,626,G
1458,6200,12339,11292,2017,626,G
1459,6904,10140,11292,2017,675,F
1460,6904,11292,10140,2017,675,F
1461,6904,11292,11540,2017,675,F
1462,1260,11292,10397,2017,888,F
1463,7041,11267,11292,2017,631,F
1464,6700,11109,13930,2017,629,F
1465,6700,11292,13158,2017,629,F
1466,6700,11775,11292,2017,629,F
1467,6700,15919,11292,2017,629,F
1468,0A875,11292,11042,2017,614,F
1469,0A875,11618,11292,2017,694,F
1470,6725,11292,14771,2017,614,F
1471,6003,11109,12266,2017,677,F
1472,6904,11540,11292,2017,675,F
1473,6910,14730,11292,2017,691,G
1474,1260,10397,11292,2017,888,F
1475,1260,11292,12478,2017,698,F
1476,1260,12478,11292,2017,698,F
1477,7041,14457,11292,2017,631,F
1478,6700,13158,11292,2017,629,F
1479,0A875,10821,11292,2017,634,F
1480,0A875,11292,11298,2017,634,F
1481,0A875,11292,11986,2017,698,F
1482,0A875,11292,13204,2017,694,F
1483,0A875,11292,13871,2017,698,F
1484,0A875,11618,11292,2017,614,F
1485,0A875,13930,11292,2017,694,F
1486,6725,10713,11292,2017,612,F
1487,6725,11292,11066,2017,612,F
1488,6725,11292,13204,2017,612,F
1489,6725,11292,15304,2017,612,F
1490,6725,13204,11292,2017,614,F
1491,6904,13367,11292,2017,675,F
1492,6700,10627,11292,2017,629,F
1493,6700,11292,10627,2017,629,F
1494,0A875,14771,11292,2017,698,F
1495,6725,11292,12953,2017,612,F
1496,6725,11292,14570,2017,612,F
1497,6031,11292,14747,2017,612,F
1498,6904,13029,11292,2017,675,F
1499,6725,11292,14057,2017,612,F
1500,6031,14747,11292,2017,612,F
1501,6725,11292,10713,2017,612,F
1502,0A875,11423,11292,2017,698,F
1503,0A875,11292,11423,2017,698,F
1504,0A875,12892,11292,2017,694,F
1505,6700,15376,11292,2017,673,F
1506,6932,11292,14534,2017,405,F
1507,0A875,11292,14679,2017,698,F
1508,6700,10713,11292,2017,673,F
1509,6700,14457,11292,2017,629,F
1510,0A875,14679,11292,2017,698,F
1511,0A875,11003,11292,2017,698,F
1512,0A875,11292,11003,2017,698,F
1513,0A875,11292,12441,2017,694,F
1514,0A875,11292,12892,2017,694,F
1515,0A875,11298,11292,2017,698,F
1516,0A875,11648,11292,2017,698,F
1517,6725,12889,11292,2017,614,F
1518,6725,15016,11292,2017,614,F
1519,6932,14534,11292,2017,405,F
1520,1260,14869,11292,2017,698,F
1521,6700,11292,10800,2017,673,F
1522,6700,11292,13851,2017,673,F
1523,6700,11292,14457,2017,673,F
1524,6700,11292,14869,2017,629,F
1525,6700,13851,11292,2017,673,F
1526,0A875,11292,11648,2017,698,F
1527,0A875,11292,14893,2017,634,F
1528,6725,10821,11292,2017,612,F
1529,6725,14747,11292,2017,614,F
1530,1260,11292,14747,2017,608,F
1531,1260,11292,14869,2017,698,F
1532,6700,11292,13244,2017,673,F
1533,0A875,12441,11292,2017,694,F
1534,0A875,14492,11292,2017,694,F
1535,1260,14747,11292,2017,608,F
1536,7041,11292,10397,2017,631,F
1537,0A875,11292,11433,2017,614,F
1538,0A875,11292,13204,2017,634,F
1539,0A875,11292,14679,2017,634,F
1540,0A875,13487,11292,2017,698,F
1541,6725,11292,13342,2017,614,F
1542,6725,11292,14679,2017,614,F
1543,7041,11292,15016,2017,631,F
1544,6700,14783,11292,2017,629,F
1545,0A875,11292,14492,2017,694,F
1546,6460,11292,13930,2017,699,F
1547,6460,13930,11292,2017,699,F
1548,6700,11292,11423,2017,673,F
1549,6700,11292,14831,2017,673,F
1550,6700,14831,11292,2017,673,F
1551,0A875,11292,10721,2017,634,F
1552,0A875,11292,13930,2017,634,F
1553,0A875,11433,11292,2017,614,F
1554,0A875,13485,11292,2017,698,F
1555,6904,15016,11292,2017,675,F
1556,6932,11711,11292,2017,405,F
1557,1260,12953,11292,2017,694,F
1558,6700,13486,11292,2017,629,F
1559,6700,14489,11292,2017,673,F
1560,0A875,11292,11618,2017,694,F
1561,0A875,11292,13485,2017,698,F
1562,0A875,11292,14100,2017,634,F
1563,0A875,11618,11292,2017,622,F
1564,0A875,13204,11292,2017,694,F
1565,6725,11292,12892,2017,614,F
1566,6725,12892,11292,2017,614,F
1567,6003,11292,12339,2017,677,F
1568,6932,11292,11711,2017,405,F
1569,1260,11292,12478,2017,614,F
1570,1260,11433,11292,2017,656,F
1571,1260,12478,11292,2017,614,F
1572,6700,11292,15370,2017,629,F
1573,0A875,11042,11292,2017,614,F
1574,0A875,11292,11618,2017,622,F
1575,6725,14122,11292,2017,612,F
1576,1260,11292,11433,2017,656,F
1577,1260,11292,12953,2017,694,F
1578,7041,11292,10423,2017,631,F
1579,7041,11292,12441,2017,631,F
1580,7041,12441,11292,2017,631,F
1581,6700,10561,11292,2017,629,F
1582,6700,11292,13486,2017,629,F
1583,6700,11292,14489,2017,673,F
1584,0A875,13204,11292,2017,614,F
1585,0A875,14057,11292,2017,634,F
1586,6725,11618,11292,2017,612,F
1587,6085,12266,11109,2017,675,F
1588,6081,11292,14120,2017,675,F
1589,6700,11292,11413,2017,629,F
1590,6700,11413,11292,2017,629,F
1591,6700,13930,10372,2017,631,F
1592,0A875,10299,11292,2017,614,F
1593,6725,13796,11292,2017,614,F
1594,6081,14120,11292,2017,675,F
1595,6700,10372,13930,2017,631,F
1596,6700,14869,11292,2017,629,F
1597,6700,14893,11292,2017,673,F
1598,6725,12264,11292,2017,612,F
1599,6932,11292,14877,2017,461,F
1600,6932,14877,11292,2017,461,F
1601,6700,11292,12255,2017,629,F
1602,6700,11292,12519,2017,629,F
1603,6700,11292,12888,2017,629,F
1604,6700,11292,14783,2017,629,F
1605,6700,12255,11292,2017,629,F
1606,0A875,11292,12889,2017,614,F
1607,0A875,14679,11292,2017,614,F
1608,6725,10693,11292,2017,614,F
1609,6725,15370,11292,2017,612,F
1610,6904,11292,11315,2017,675,F
1611,6904,11315,11292,2017,675,F
1612,1177,10221,11292,2017,479,F
1613,1177,10925,11292,2017,479,F
1614,1177,10950,11292,2017,458,F
1615,1177,11292,10221,2017,479,F
1616,1177,11292,10925,2017,479,F
1617,1177,11292,13200,2017,479,F
1618,1177,11292,15582,2017,458,F
1619,1177,13200,11292,2017,479,F
1620,1177,15582,11292,2017,458,F
1621,7041,11292,11267,2017,631,F
1622,6700,12888,11292,2017,629,F
1623,6700,12992,11292,2017,629,F
1624,0A875,11292,10299,2017,614,F
1625,6003,11292,11109,2017,677,F
1626,6904,10279,11292,2017,675,F
1627,6904,11292,10279,2017,675,F
1628,6700,11109,12892,2017,629,F
1629,6700,11292,14893,2017,673,F
1630,0A875,11292,14057,2017,634,F
1631,0A875,12266,11292,2017,634,F
1632,6725,10397,11292,2017,612,F
1633,6725,11292,11884,2017,612,F
1634,6725,11292,13495,2017,612,F
1635,6460,11292,14107,2017,698,F
1636,6460,14107,11292,2017,698,F
1637,1177,11292,10950,2017,458,F
1638,1260,11292,10397,2017,622,F
1639,7041,11292,13502,2017,631,F
1640,7041,13502,11292,2017,631,F
1641,6700,11292,13433,2017,629,F
1642,6700,13433,11292,2017,629,F
1643,0A875,11292,14570,2017,694,F
1644,0A875,12892,11292,2017,614,F
1645,0A875,14570,11292,2017,694,F
1646,6725,14492,11292,2017,612,F
1647,1260,10397,11292,2017,622,F
1648,6700,11292,10561,2017,629,F
1649,6700,11292,11865,2017,629,F
1650,6700,11292,12992,2017,629,F
1651,6700,11292,14543,2017,629,F
1652,6700,11865,11292,2017,629,F
1653,6700,13930,11109,2017,629,F
1654,6700,14543,11292,2017,629,F
1655,6700,14869,11109,2017,629,F
1656,0A875,10849,11292,2017,614,F
1657,0A875,11292,10849,2017,614,F
1658,0A875,11292,12892,2017,614,F
1659,0A875,12889,11292,2017,634,F
1660,6725,11292,13891,2017,612,F
1661,6725,11292,14492,2017,612,F
1662,6725,11292,15304,2017,614,F
1663,6725,13495,11292,2017,612,F
1664,6460,11292,14908,2017,694,F
1665,6460,14908,11292,2017,694,F
1666,6904,11292,12896,2017,675,F
1667,6904,12896,11292,2017,675,F
1668,6904,13486,11292,2017,675,F
1669,1177,11092,11292,2017,479,F
1670,1177,11292,11092,2017,479,F
1671,6700,11109,14869,2017,629,F
1672,0A875,11292,12266,2017,634,F
1673,6725,11292,10721,2017,612,F
1674,6725,11292,15376,2017,612,F
1675,6460,13487,11292,2017,698,F
1676,6830,11292,13930,2017,694,F
1677,6904,11122,11292,2017,675,F
1678,6904,11292,13486,2017,675,F
1679,6673,10721,11292,2017,694,F
1680,6673,11292,10721,2017,694,F
1681,1260,11292,14869,2017,608,F
1682,1260,14869,11292,2017,608,F
1683,7041,13198,11292,2017,631,F
1684,6700,11292,11109,2017,673,F
1685,6700,11292,14869,2017,638,F
1686,6700,12892,10372,2017,631,F
1687,6700,14869,11292,2017,638,F
1688,0A875,11292,14057,2017,698,F
1689,0A875,12889,11292,2017,614,F
1690,6725,11292,15016,2017,614,F
1691,6725,11292,15370,2017,612,F
1692,6460,11292,13487,2017,698,F
1693,6904,11292,11122,2017,675,F
1694,6904,11292,15016,2017,675,F
1695,0A050,11292,13303,2017,614,F
1696,0A050,14100,11292,2017,614,F
1697,6700,14252,11292,2017,629,F
1698,6700,14794,11292,2017,629,F
1699,0A875,10620,11292,2017,698,F
1700,0A875,11292,10620,2017,698,F
1701,0A875,13930,11292,2017,634,F
1702,6460,11193,11292,2017,694,F
1703,6460,11292,12266,2017,699,F
1704,6460,11292,13204,2017,699,F
1705,6460,12266,11292,2017,699,F
1706,6460,12892,11292,2017,694,F
1707,6830,11292,12889,2017,694,F
1708,6830,13930,11292,2017,694,F
1709,6904,11292,12389,2017,675,F
1710,6904,12389,11292,2017,675,F
1711,0A050,11292,14107,2017,614,F
1712,0A050,13303,11292,2017,614,F
1713,0A050,14107,11292,2017,614,F
1714,6700,10372,12892,2017,631,F
1715,6700,11292,11540,2017,629,F
1716,6700,11292,14252,2017,629,F
1717,6700,11292,14794,2017,629,F
1718,6700,11413,14107,2017,631,F
1719,6700,11540,11292,2017,629,F
1720,6700,11921,14107,2017,631,F
1721,6700,14107,11413,2017,631,F
1722,6700,14107,11921,2017,631,F
1723,0A875,10721,11292,2017,634,F
1724,0A875,11292,12889,2017,634,F
1725,6460,11292,11193,2017,694,F
1726,6460,11292,12889,2017,694,F
1727,6460,11292,12892,2017,694,F
1728,6460,11292,14771,2017,694,F
1729,6460,12889,11292,2017,694,F
1730,6460,13204,11292,2017,699,F
1731,6460,14771,11292,2017,694,F
1732,6830,12889,11292,2017,694,F
1733,6904,11292,14674,2017,675,F
1734,6904,14674,11292,2017,675,F
1735,0A050,11292,14100,2017,699,F
1736,6725,11066,11292,2017,612,F
1737,6725,11292,13796,2017,612,F
1738,6725,11292,14747,2017,612,F
1739,7041,15016,11292,2017,631,F
1740,6725,10721,11292,2017,612,F
1741,7041,11292,11122,2017,631,F
1742,6700,11292,15376,2017,629,F
1743,7041,11122,11292,2017,631,F
1744,6725,15304,11292,2017,614,F
1745,6904,11921,11292,2017,675,F
1746,0A875,12953,11292,2017,634,F
1747,6904,11292,11921,2017,675,F
1748,0A875,11292,11618,2017,614,F
1749,6700,11292,12003,2017,629,F
1750,6700,12003,11292,2017,629,F
1751,0A875,11292,12264,2017,634,F
1752,0A875,14057,11292,2017,698,F
1753,0A875,12266,11292,2017,614,F
1754,6725,14107,11292,2017,614,F
1755,6700,11292,11638,2017,629,F
1756,6700,11292,11921,2017,629,F
1757,6700,11921,11292,2017,629,F
1758,0A875,11292,14771,2017,694,F
1759,0A875,11292,13487,2017,698,F
1760,0A875,14771,11292,2017,694,F
1761,6725,11292,11618,2017,612,F
1762,6725,11292,14107,2017,614,F
1763,6725,11292,13342,2017,612,F
1764,0A875,11292,10721,2017,614,F
1765,6904,11292,14457,2017,675,F
1766,6904,10627,11292,2017,675,F
1767,6725,12191,11292,2017,612,F
1768,6725,14679,11292,2017,614,F
1769,6904,11292,10627,2017,675,F
1770,6725,11292,13796,2017,614,F
1771,6725,13851,11292,2017,612,F
1772,6003,14869,11292,2017,677,F
1773,6725,11292,12264,2017,612,F
1774,6904,14457,11292,2017,675,F
1775,6725,11292,13851,2017,612,F
1776,6725,11292,14057,2017,614,F
1777,6725,14683,11292,2017,612,F
1778,6725,11292,14747,2017,614,F
1779,6700,11637,11292,2017,629,F
1780,0A875,11292,12953,2017,614,F
1781,1177,10272,11292,2017,479,F
1782,6932,11292,14288,2017,405,F
1783,6932,14288,11292,2017,405,F
1784,1177,11292,10272,2017,479,F
1785,6725,14057,11292,2017,612,F
1786,6725,13342,11292,2017,612,F
1787,6725,10140,11292,2017,612,F
1788,6031,14747,11292,2017,888,F
1789,0A875,11292,12266,2017,614,F
1790,0A875,14908,11292,2017,694,F
1791,6031,11292,14747,2017,888,F
1792,0A875,11292,14908,2017,694,F
1793,0A875,11292,12892,2017,634,F
1794,6460,11278,11292,2017,694,F
1795,0A875,12953,11292,2017,614,F
1796,0A875,14771,11292,2017,634,F
1797,0A050,13930,11292,2017,655,F
1798,6700,11292,11637,2017,629,F
1799,0A875,11292,14771,2017,634,F
1800,6460,11292,11278,2017,694,F
1801,6725,11292,12191,2017,612,F
1802,0A050,11292,13930,2017,655,F
1803,6725,11292,14683,2017,612,F
1804,0A875,11292,12953,2017,634,F
1805,0A875,12892,11292,2017,634,F
1806,0A875,12264,11292,2017,634,F
1807,6725,11292,10140,2017,612,F
1808,6725,11292,10800,2017,612,F
1809,6725,11292,12339,2017,612,F
1810,6725,10800,11292,2017,612,F
1811,6725,12953,11292,2017,612,F
1812,6725,11292,13871,2017,612,F
1813,6725,13871,11292,2017,612,F
1814,6725,11292,12191,2017,614,F
1815,6725,11292,10821,2017,612,F
1816,6725,10397,11292,2017,614,F
1817,6700,14869,11292,2017,673,F
1818,0A875,11292,11618,2017,634,F
1819,6700,11921,14869,2017,629,F
1820,6725,11292,15016,2017,612,F
1821,6700,14869,11921,2017,629,F
1822,6725,13204,11292,2017,612,F
1823,1006,11292,14771,2017,694,F
1824,1006,14771,11292,2017,694,F
1825,6725,11292,13204,2017,614,F
1826,6725,10693,11292,2017,612,F
1827,6700,12280,11292,2017,629,F
1828,6725,14831,11292,2017,612,F
1829,0A050,11292,12892,2017,698,F
1830,6700,11292,12280,2017,629,F
1831,6725,11292,10821,2017,614,F
1832,6820,11298,11921,2017,673,F
1833,6689,11413,11298,2017,638,F
1834,6820,11921,11298,2017,673,F
1835,0A050,12892,11292,2017,698,F
1836,6689,11298,11413,2017,638,F
1837,6725,13796,11292,2017,612,F
1838,6700,11109,11292,2017,673,F
1839,0A875,14747,11292,2017,694,F
1840,0A050,11292,13930,2017,614,F
1841,0A050,13930,11292,2017,614,F
1842,6725,14747,11292,2017,612,F
1843,6725,12191,11292,2017,614,F
1844,6725,11292,10693,2017,612,F
1845,6725,11292,14771,2017,612,F
1846,6725,11292,10397,2017,612,F
1847,6700,14747,11292,2017,673,F
1848,0A875,11618,11292,2017,634,F
1849,6700,11292,14747,2017,673,F
1850,6700,11638,11292,2017,629,F
1851,0A875,11292,14771,2017,614,F
1852,6725,15016,11292,2017,612,F
1853,6725,12339,11292,2017,612,F
1854,0A875,11292,14747,2017,694,F
1855,6725,14679,11292,2017,612,F
1856,6725,11292,10423,2017,612,F
1857,6725,11292,14831,2017,612,F
1858,6700,11292,14869,2017,673,F
1859,6725,10423,11292,2017,612,F
1860,7041,11413,11292,2017,631,F
1861,7041,11292,11413,2017,631,F
1862,6725,11292,14893,2017,612,F
1863,6725,13232,11292,2017,612,F
1864,0A875,14771,11292,2017,614,F
1865,6725,14893,11292,2017,612,F
1866,0A050,11109,11298,2017,655,F
1867,0A050,11298,11109,2017,655,F
1868,6725,11292,13232,2017,614,F
1869,6725,14771,11292,2017,612,F
1870,6725,10821,11292,2017,614,F
1871,6700,11109,11292,2017,629,F
1872,0A875,12266,11292,2017,694,F
1873,6725,11292,13487,2017,612,F
1874,6725,11292,14679,2017,612,F
1875,6725,13487,11292,2017,612,F
1876,6700,11292,11109,2017,629,F
1877,0A875,12264,11292,2017,614,F
1878,6700,12892,11292,2017,673,F
1879,6700,11292,12892,2017,673,F
1880,6725,11292,14908,2017,612,F
1881,6725,14908,11292,2017,612,F
1882,1260,10397,11292,2017,656,F
1883,6725,11292,14869,2017,612,F
1884,6725,11292,13232,2017,612,F
1885,1260,11292,10397,2017,656,F
1886,0A875,11292,12264,2017,614,F
1887,1260,11292,13487,2017,656,F
1888,1260,13487,11292,2017,656,F
1889,6725,13232,11292,2017,614,F
1890,6725,11292,11259,2017,612,F
1891,6725,14869,11292,2017,612,F
1892,6725,11259,11292,2017,612,F
1893,0A875,11292,12266,2017,694,F
1894,6725,12892,11292,2017,612,F
1895,6725,11292,12892,2017,612,F
1896,6700,10372,11292,2017,631,F
1897,6700,11292,10372,2017,631,F
1898,6725,13198,11292,2017,612,F
1899,0A050,11057,11292,2017,699,F
1900,0A050,11292,11057,2017,699,F
1901,6725,11292,13198,2017,612,F
1902,6725,11292,14107,2017,612,F
1903,6725,14107,11292,2017,612,F
1904,6725,12889,11292,2017,612,F
1905,0A875,13930,11292,2017,614,F
1906,0A050,11292,11298,2017,699,F
1907,0A875,11292,13930,2017,614,F
1908,6725,11292,12889,2017,612,F
1909,0A050,11298,11292,2017,699,F